7.853981633974482790e-01,7.982541518575269057e-01,7.853981633974482790e-01,7.817384962048050667e-01,-2.908153252334200976e-17,2.081354816371404626e-01,1.331109966490086568e-16,-6.398104821731827319e-02
7.853981633974482790e-01,8.237292089828007757e-01,7.853981633974482790e-01,7.731395109675731625e-01,6.749285800002960825e-17,2.852366907508642191e-01,-3.178785777097949052e-16,-1.069395051148131631e-01
7.853981633974482790e-01,8.542176504692803318e-01,7.853981633974482790e-01,7.606174902844013985e-01,2.910405331699643514e-17,3.192356366272641743e-01,-1.504518386257849497e-16,-1.430933560314833208e-01
7.853981633974482790e-01,8.872237578459777341e-01,7.853981633974482790e-01,7.446238046382837039e-01,3.336516776196590462e-17,3.391600949279055532e-01,-2.357679270462944025e-16,-1.766311518065102337e-01
7.853981633974482790e-01,9.219374578503913842e-01,7.853981633974482790e-01,7.253175435651695313e-01,1.007223715911028007e-17,3.545600794157620639e-01,-6.677764227620129803e-17,-2.095081400257197690e-01
7.853981633974482790e-01,9.581018994558500035e-01,7.853981633974482790e-01,7.027179624991362061e-01,6.742285427998965207e-17,3.685560444503412358e-01,-4.139744633011221061e-16,-2.425708005437016979e-01
7.853981633974482790e-01,9.956397125704947726e-01,7.853981633974482790e-01,6.767896122298397987e-01,2.967199659263242927e-17,3.821471068671134508e-01,-1.897478531522616710e-16,-2.760991146128065621e-01
7.853981633974482790e-01,1.034529617312873073e+00,7.853981633974482790e-01,6.474839115023617309e-01,1.773208693636693258e-17,3.956305276778098179e-01,-1.843930093075853769e-16,-3.101017611671066931e-01
7.853981633974482790e-01,1.074765427465037115e+00,7.853981633974482790e-01,6.147587537810955682e-01,2.066278987975732436e-17,4.090682428639921264e-01,-3.033502808969612147e-16,-3.444540369682783654e-01
7.853981633974482790e-01,1.116342080565992267e+00,7.853981633974482790e-01,5.785886316006245700e-01,5.749699573971413984e-17,4.224394707742906152e-01,-4.913557683639445223e-16,-3.789541291579527904e-01
7.853981633974482790e-01,1.159250467355727121e+00,7.853981633974482790e-01,5.389711814432143200e-01,2.896193208715950935e-17,4.356900097761575719e-01,-2.682841187011063428e-16,-4.133425314321910737e-01
7.853981633974482790e-01,1.203475066195886178e+00,7.853981633974482790e-01,4.959326569489913017e-01,1.872957047905156663e-17,4.487475839762607999e-01,-2.585753855422141713e-16,-4.473063253398247840e-01
7.853981633974482790e-01,1.248992416784673765e+00,7.853981633974482790e-01,4.495333010802186613e-01,1.622882575015115201e-17,4.615261104741402165e-01,-1.950059056489684392e-16,-4.804780281094839234e-01
7.853981633974482790e-01,1.295769800081302270e+00,7.853981633974482790e-01,3.998729122962242921e-01,1.220265424723842000e-17,4.739265106347269607e-01,-1.903108417585468508e-16,-5.124334419612565084e-01
7.853981633974482790e-01,1.343763941899861702e+00,7.853981633974482790e-01,3.470965738014246682e-01,-7.092753928140173999e-18,4.858367201398077762e-01,1.501171471077955478e-16,-5.426909263477986967e-01
7.853981633974482790e-01,1.392919722937443927e+00,7.853981633974482790e-01,2.914003116397401172e-01,-1.389492343158138957e-17,4.971319650347977848e-01,3.614064788299848086e-16,-5.707138843459689248e-01
7.853981633974482790e-01,1.443168953651309483e+00,7.853981633974482790e-01,2.330362771686292356e-01,-6.162734511643313926e-18,5.076758830868068895e-01,1.341178360720331210e-16,-5.959181213171284019e-01
7.853981633974482790e-01,1.494429320798089877e+00,7.853981633974482790e-01,1.723168865449171971e-01,-1.767721875485747256e-17,5.173229161606011095e-01,3.405261763254497944e-16,-6.176856607188788706e-01
7.853981633974482790e-01,1.546603650407353925e+00,7.853981633974482790e-01,1.096172022109145883e-01,-2.777368431932409714e-17,5.259223081174413394e-01,1.151376466788539790e-15,-6.353863279826205135e-01
7.853981633974482790e-01,1.599579659214809491e+00,7.853981633974477239e-01,4.537473877954173451e-02,-4.922241055499716262e-16,5.333239042331415769e-01,5.133816711100865242e-14,-6.484077553664965299e-01
7.853981633974487231e-01,1.653230375557085630e+00,7.853981633973493581e-01,-1.991413722023462063e-02,1.137814996944565138e-14,5.393857149818795937e-01,9.835206680638507092e-12,-6.561933125329165728e-01
7.853981633973463605e-01,1.707415391276640548e+00,7.853981633783103655e-01,-8.570191822155671935e-02,1.146578301235927768e-11,5.439828738024554688e-01,1.159384662437260852e-09,-6.582858538473895793e-01
7.853981633915682048e-01,1.761983049835208037e+00,7.853981629443248513e-01,-1.514021788698075854e-01,2.814550565444012354e-10,5.470172255981764486e-01,1.659737484097840514e-08,-6.543733137235597797e-01
7.853981633703127629e-01,1.816773580609103433e+00,7.853981619524442737e-01,-2.164062292039849733e-01,8.545931591226788597e-10,5.484264189138001733e-01,3.783832274897272495e-08,-6.443305124949566531e-01
7.853981633707616261e-01,1.871623063997253977e+00,7.853981621852812456e-01,-2.801034968755398147e-01,6.801219192111571373e-10,5.481911608971603567e-01,2.575890235795808998e-08,-6.282506353594624615e-01
7.853981633866653489e-01,1.926367977456318492e+00,7.853981629035977630e-01,-3.419042895753524047e-01,2.624300835072386496e-10,5.463393435047744218e-01,9.380434668766937123e-09,-6.064602445855631352e-01
7.853981633952696884e-01,1.980849958591608173e+00,7.853981632585965711e-01,-4.012630563164084618e-01,7.339261273447876582e-11,5.429461135701808550e-01,2.681498510965381891e-09,-5.795136051513682940e-01
7.853981633979775223e-01,2.034920358008119212e+00,7.853981633740974022e-01,-4.576999930698243957e-01,1.747824408292433451e-11,5.381295879559107043e-01,7.042600100887077268e-10,-5.481652788930807541e-01
7.853981633986142352e-01,2.088444161483107742e+00,7.853981634057870531e-01,-5.108189164713046182e-01,3.226705581397025865e-12,5.320426567316461908e-01,1.689196514291609559e-10,-5.133236222515603631e-01
7.853981633986775179e-01,2.141302939607875544e+00,7.853981634127346068e-01,-5.603197610820185304e-01,-2.208265622457397187e-13,5.248619714076577791e-01,2.650650587866106338e-11,-4.759910252844996581e-01
7.853981633985952504e-01,2.193396615444386022e+00,7.853981634128422984e-01,-6.060047486432986741e-01,-1.035030301560527172e-12,5.167756106383980530e-01,-1.023833194366849784e-11,-4.371986207113789935e-01
7.853981633984785660e-01,2.244643996184419343e+00,7.853981634112340293e-01,-6.477780769818051176e-01,-1.206934407795272851e-12,5.079709757795709546e-01,-1.824402981858664461e-11,-3.979433988216766749e-01
7.853981633983564414e-01,2.294982160485311340e+00,7.853981634093510911e-01,-6.856397171540361546e-01,-1.209038600728963482e-12,4.986242280634015089e-01,-1.844124299508454384e-11,-3.591343622422565329e-01
7.853981633982376476e-01,2.344364904180708198e+00,7.853981634075841711e-01,-7.196744648783376386e-01,-1.156298779916425852e-12,4.888921516365759001e-01,-1.665686790863093366e-11,-3.215521114507453038e-01
7.853981633981255150e-01,2.392760511539361534e+00,7.853981634060228645e-01,-7.500377063515328846e-01,-1.080366038951102496e-12,4.789068477752542186e-01,-1.453095063984131893e-11,-2.858237506201888323e-01
7.853981633980217092e-01,2.440149137837079429e+00,7.853981634046713900e-01,-7.769394330036588636e-01,-9.932402424597964123e-13,4.687732433885252736e-01,-1.251518115058253493e-11,-2.524127984334114672e-01
7.853981633979268961e-01,2.486520070791669035e+00,7.853981634035113180e-01,-8.006279220845696765e-01,-9.013322745865788841e-13,4.585690896061490052e-01,-1.071630503105011690e-11,-2.216221878016263191e-01
7.853981633978412980e-01,2.531869095833829686e+00,7.853981634025198888e-01,-8.213742561019742316e-01,-8.089107595435816379e-13,4.483469453719414743e-01,-9.142913863985383809e-12,-1.936075124089404742e-01
7.853981633977649146e-01,2.576196135193558945e+00,7.853981634016753421e-01,-8.394585482628330597e-01,-7.188772825907819300e-13,4.381375687083848280e-01,-7.776131638000918892e-12,-1.683973404004351915e-01
7.853981633976973020e-01,2.619503272824212470e+00,7.853981634009581381e-01,-8.551584247104497827e-01,-6.334028531704363063e-13,4.279541457459458687e-01,-6.594298622391716863e-12,-1.459175137510616560e-01
7.853981633976380161e-01,2.661793222792057101e+00,7.853981634003508461e-01,-8.687400231638416903e-01,-5.537709521390618164e-13,4.177968467928455110e-01,-5.574859500288476463e-12,-1.260167307691473504e-01
7.853981633975862797e-01,2.703068251939178435e+00,7.853981633998382561e-01,-8.804515229172906743e-01,-4.807103990457493266e-13,4.076572876630961684e-01,-4.697734713043013690e-12,-1.084912408897558966e-01
7.853981633975415377e-01,2.743329530510051129e+00,7.853981633994069345e-01,-8.905190332749188808e-01,-4.147156277404254110e-13,3.975225772584586870e-01,-3.946498684393193070e-12,-9.310707019615412083e-02
7.853981633975030130e-01,2.782576857791436264e+00,7.853981633990452238e-01,-8.991445385283372005e-01,-3.556254591548605257e-13,3.873787374764082747e-01,-3.304074594151078495e-12,-7.961877514578218074e-02
7.853981633974701504e-01,2.820808693427541591e+00,7.853981633987427990e-01,-9.065055239949777466e-01,-3.034137119224842351e-13,3.772133802052028972e-01,-2.758075442423592757e-12,-6.778424358430262808e-02
7.853981633974421728e-01,2.858022417956207484e+00,7.853981633984907784e-01,-9.127558820074679335e-01,-2.576718285884089518e-13,3.670176119301872819e-01,-2.295663536187082975e-12,-5.737549541241988849e-02
7.853981633974184140e-01,2.894214746735944921e+00,7.853981633982812793e-01,-9.180277093008281097e-01,-2.178601531518723690e-13,3.567872048770379112e-01,-1.905196534223680594e-12,-4.818576355035267961e-02
7.853981633973984300e-01,2.929382227934181682e+00,7.853981633981076405e-01,-9.224336471922377489e-01,-1.834615874245634055e-13,3.465231224802974852e-01,-1.576997596255316080e-12,-4.003335535106919418e-02
7.853981633973815546e-01,2.963521765655140250e+00,7.853981633979640886e-01,-9.260694726875664529e-01,-1.539738256498137688e-13,3.362315163540137153e-01,-1.302330459995349642e-12,-3.276291262346048283e-02
7.853981633973674548e-01,2.996631121738068337e+00,7.853981633978456278e-01,-9.290167127455417617e-01,-1.288981861434465145e-13,3.259233238367450491e-01,-1.073703905951827837e-12,-2.624472046882975543e-02
7.853981633973556864e-01,3.028709362660002569e+00,7.853981633977480392e-01,-9.313451177732599007e-01,-1.076085629827273746e-13,3.156135929036111287e-01,-8.835891067209925850e-13,-2.037268155352440005e-02
7.853981633973458054e-01,3.059757230108987258e+00,7.853981633976677701e-01,-9.331148885360588396e-01,-8.963627294465370116e-14,3.053206487547003301e-01,-7.261391860886326817e-13,-1.506149495907986059e-02
7.853981633973375898e-01,3.089777424334022360e+00,7.853981633976018228e-01,-9.343785996808252614e-01,-7.452749277435557947e-14,2.950651976930358522e-01,-5.961405154283120782e-13,-1.024347760845064140e-02
7.853981633973308174e-01,3.118774797886826988e+00,7.853981633975477550e-01,-9.351828015011487416e-01,-6.184041018957003467e-14,2.848694425261448782e-01,-4.888188459342341930e-13,-5.865358276391258174e-03
7.853981633973251553e-01,3.146756463725174147e+00,7.853981633975034571e-01,-9.355693093897708978e-01,-5.130667532691397156e-14,2.747562624446190371e-01,-4.009284656786951611e-13,-1.885271786976513465e-03
7.853981633973204923e-01,3.173731825961446429e+00,7.853981633974671528e-01,-9.355762086208380124e-01,-4.248840433024283577e-14,2.647484910786560564e-01,-3.285867654492618007e-13,1.729907872047948755e-03
7.853981633973166065e-01,3.199712544078375132e+00,7.853981633974373988e-01,-9.352386122641357380e-01,-3.517144023509599510e-14,2.548683103280499074e-01,-2.693668561211714613e-13,5.006828163687985535e-03
7.853981633973133869e-01,3.224712442538510526e+00,7.853981633974129739e-01,-9.345892139706126756e-01,-2.912976780231710104e-14,2.451367650411584165e-01,-2.210542876164104780e-13,7.967498037137362571e-03
7.853981633973107224e-01,3.248747377743783193e+00,7.853981633973928789e-01,-9.336586768644581369e-01,-2.408239651438862811e-14,2.355733946180200711e-01,-1.812458006862382137e-13,1.063072913676101766e-02
7.853981633973085019e-01,3.271835073591206289e+00,7.853981633973764476e-01,-9.324758964081272250e-01,-1.993234908265823398e-14,2.261959717394120550e-01,-1.488576552209926130e-13,1.301322162665209843e-02
7.853981633973067256e-01,3.293994935706018978e+00,7.853981633973629028e-01,-9.310681701557776968e-01,-1.650805214902793651e-14,2.170203351152766580e-01,-1.223654375921298703e-13,1.513034853537018054e-02
7.853981633973051713e-01,3.315247853040586001e+00,7.853981633973518006e-01,-9.294613017426592849e-01,-1.368783478720179493e-14,2.080603017928089327e-01,-1.007175449341874985e-13,1.699669489322322771e-02
7.853981633973039500e-01,3.335615994072553825e+00,7.853981633973425858e-01,-9.276796609402653271e-01,-1.133097983137534369e-14,1.993276445922625151e-01,-8.294923268135154771e-14,1.862640498608560818e-02
7.853981633973029508e-01,3.355122603431952566e+00,7.853981633973350363e-01,-9.257462165540226717e-01,-9.414179365669254192e-15,1.908321211562643283e-01,-6.848069647742483270e-14,2.003338503973263116e-02
7.853981633973020626e-01,3.373791803502887987e+00,7.853981633973288190e-01,-9.236825545692687323e-01,-7.791098357292476559e-15,1.825815425185200180e-01,-5.642924767249202783e-14,2.123140126404774591e-02
7.853981633973013965e-01,3.391648404416439444e+00,7.853981633973237120e-01,-9.215088903376226215e-01,-6.487684438179566723e-15,1.745818707358163802e-01,-4.676466378005596240e-14,2.223410558835679438e-02
7.853981633973008414e-01,3.408717724888788325e+00,7.853981633973194931e-01,-9.192440807216287757e-01,-5.403801704937235521e-15,1.668373367902076521e-01,-3.877643987939778700e-14,2.305501432831001674e-02
7.853981633973003973e-01,3.425025425558454906e+00,7.853981633973159404e-01,-9.169056399083773679e-01,-4.513952372599399512e-15,1.593505715369027131e-01,-3.223111148656226307e-14,2.370745882493784790e-02
7.853981633972999532e-01,3.440597355825764314e+00,7.853981633973130538e-01,-9.145097609646397618e-01,-3.736443664299085804e-15,1.521227438836030565e-01,-2.665928942544720314e-14,2.420452193260008017e-02
7.853981633972996201e-01,3.455459414678899055e+00,7.853981633973106113e-01,-9.120713440326722043e-01,-3.135254298184626575e-15,1.451537016129104685e-01,-2.231296815029139467e-14,2.455897009630549424e-02
7.853981633972992871e-01,3.469637425585424317e+00,7.853981633973086129e-01,-9.096040312587110321e-01,-2.606163082191128975e-15,1.384421112994052017e-01,-1.851684077939855076e-14,2.478318755388275729e-02
7.853981633972990650e-01,3.483157025217938241e+00,7.853981633973069476e-01,-9.071202480187723349e-01,-2.173833335514890159e-15,1.319855946394866975e-01,-1.544358844477997254e-14,2.488911678791784488e-02
7.853981633972988430e-01,3.496043565551062215e+00,7.853981633973055043e-01,-9.046312496865323016e-01,-1.850931947677357948e-15,1.257808592241462242e-01,-1.311751861993865548e-14,2.488820758990499885e-02
7.853981633972986209e-01,3.508322028699929263e+00,7.853981633973042831e-01,-9.021471730179488890e-01,-1.537046570577785615e-15,1.198238223636364230e-01,-1.090645683085659557e-14,2.479137584698088217e-02
7.853981633972985099e-01,3.520016953755388478e+00,7.853981633973032839e-01,-8.996770911620115552e-01,-1.305635504627439998e-15,1.141097270390523111e-01,-9.255764993935851326e-15,2.460897229993700905e-02
7.853981633972983989e-01,3.531152374797944749e+00,7.853981633973023957e-01,-8.972290713126213069e-01,-1.126055164613031662e-15,1.086332494276336658e-01,-7.938633643787059616e-15,2.435076095099020579e-02
7.853981633972982879e-01,3.541751769232424962e+00,7.853981633973017296e-01,-8.948102340680741396e-01,-9.131636757792712762e-16,1.033885977422505376e-01,-6.495437545495167341e-15,2.402590644222682079e-02
7.853981633972981768e-01,3.551838015571358920e+00,7.853981633973011744e-01,-8.924268136438053833e-01,-7.775614835972231686e-16,9.836960235455655122e-02,-5.522546805361495863e-15,2.364296952043175998e-02
7.853981633972980658e-01,3.561433359801234655e+00,7.853981633973006193e-01,-8.900842181781353224e-01,-6.859964641173504849e-16,9.356979734714998553e-02,-4.821533193744043796e-15,2.320990960518147517e-02
7.853981633972979548e-01,3.570559389487263591e+00,7.853981633973001752e-01,-8.877870894708389526e-01,-5.642634739227013619e-16,8.898249377211309152e-02,-3.989935612861097832e-15,2.273409345141081186e-02
7.853981633972979548e-01,3.579237014805138895e+00,7.853981633972998422e-01,-8.855393615944273655e-01,-4.985913610069205324e-16,8.460084498948541865e-02,-3.506305513823872675e-15,2.222230892036727509e-02
7.853981633972979548e-01,3.587486455729200774e+00,7.853981633972995091e-01,-8.833443179141551305e-01,-4.036902407913231023e-16,8.041790452605385164e-02,-2.877342790540436597e-15,2.168078292671156773e-02
7.853981633972979548e-01,3.595327234652816450e+00,7.853981633972992871e-01,-8.812046461425072641e-01,-3.298652528852415451e-16,7.642667693793842032e-02,-2.333425670358389493e-15,2.111520270174390562e-02
7.853981633972979548e-01,3.602778173766486791e+00,7.853981633972990650e-01,-8.791224911358775929e-01,-2.832476673802288694e-16,7.262016218436273540e-02,-2.013397214354612824e-15,2.053073959502182966e-02
7.853981633972979548e-01,3.609857396570494537e+00,7.853981633972988430e-01,-8.770995052146673965e-01,-2.360918208835119610e-16,6.899139402878211313e-02,-1.673912016521004733e-15,1.993207472241934411e-02
7.853981633972979548e-01,3.616582332950478929e+00,7.853981633972987320e-01,-8.751368958529466280e-01,-2.065918223446008975e-16,6.553347298037524860e-02,-1.436400155176834021e-15,1.932342585439313434e-02
7.853981633972979548e-01,3.622969727295076492e+00,7.853981633972986209e-01,-8.732354706403100408e-01,-1.534950008318812546e-16,6.223959427669563393e-02,-1.086305519487796670e-15,1.870857502063728514e-02
7.853981633972979548e-01,3.629035649183972811e+00,7.853981633972985099e-01,-8.713956794670379979e-01,-1.399451399720044590e-16,5.910307138928062171e-02,-9.728489481773418218e-16,1.809089638495676999e-02
7.853981633972979548e-01,3.634795506221728978e+00,7.853981633972983989e-01,-8.696176539246680548e-01,-1.255195654791805119e-16,5.611735551016919926e-02,-8.410791423264586951e-16,1.747338401596616395e-02
7.853981633972979548e-01,3.640264058637226352e+00,7.853981633972982879e-01,-8.679012439482252095e-01,-9.434806658133124161e-17,5.327605145021441224e-02,-6.749936445285827218e-16,1.685867924444603774e-02
7.853981633972979548e-01,3.645455435310223535e+00,7.853981633972982879e-01,-8.662460517543082439e-01,-5.657093589679968728e-17,5.057293035100915435e-02,-4.294226775641883748e-16,1.624909735689726228e-02
7.853981633972979548e-01,3.650383150925216036e+00,7.853981633972982879e-01,-8.646514631516335481e-01,-4.956066490795585307e-17,4.800193958227497171e-02,-3.980627599803528271e-16,1.564665342686335711e-02
7.853981633972979548e-01,3.655060123988470799e+00,7.853981633972982879e-01,-8.631166763181602475e-01,-7.979412963397266352e-17,4.555721016644417865e-02,-5.080804490861568860e-16,1.505308713135704128e-02
7.853981633972979548e-01,3.659498695476798957e+00,7.853981633972982879e-01,-8.616407281521639705e-01,-5.049087717437723510e-17,4.323306204254982049e-02,-3.788242940213010258e-16,1.446988643948546142e-02
7.853981633972979548e-01,3.663710647916400109e+00,7.853981633972982879e-01,-8.602225183141770648e-01,-5.449181258939859195e-17,4.102400745288316969e-02,-4.264744957247882272e-16,1.389831009455570407e-02
7.853981633972979548e-01,3.667707224717087211e+00,7.853981633972982879e-01,-8.588608310831014059e-01,-6.557865399719818639e-17,3.892475270851435826e-02,-4.560305661668466980e-16,1.333940884005589515e-02
7.853981633972979548e-01,3.671499149611498591e+00,7.853981633972982879e-01,-8.575543551535078635e-01,-5.825354698078163728e-17,3.693019856392611849e-02,-4.049356675469249669e-16,1.279404536440622436e-02
7.853981633972979548e-01,3.675096646070715067e+00,7.853981633972982879e-01,-8.563017015026078704e-01,-5.507086354659794620e-17,3.503543940684487878e-02,-3.916853296062716467e-16,1.226291295969896347e-02
7.853981633972979548e-01,3.678509456587168991e+00,7.853981633972982879e-01,-8.551014194550058400e-01,-6.430172550199904704e-17,3.323576144691001849e-02,-4.629900239790588305e-16,1.174655290633363006e-02
7.853981633972979548e-01,3.681746861733051990e+00,7.853981633972982879e-01,-8.539520110714589052e-01,-6.259153737048818569e-17,3.152664006614962905e-02,-4.502174875301056003e-16,1.124537060889835294e-02
7.853981633972979548e-01,3.684817698917760342e+00,7.853981633972982879e-01,-8.528519439847904726e-01,-6.191672096593512199e-17,2.990373647529979279e-02,-4.505225137231937305e-16,1.075965051922587491e-02
7.853981633972979548e-01,3.687730380781450545e+00,7.853981633972982879e-01,-8.517996628020876315e-01,-6.227130998940107190e-17,2.836289380275684377e-02,-4.544582947664629594e-16,1.028956989074123266e-02
7.853981633972979548e-01,3.690492913173658796e+00,7.853981633972982879e-01,-8.507935991875854587e-01,-4.843962757338009753e-17,2.690013272732143593e-02,-3.877420936434464702e-16,9.835211414292180376e-03
7.853981633972979548e-01,3.693112912676335569e+00,7.853981633972982879e-01,-8.498321807353986790e-01,-5.593555032103372743e-17,2.551164675180852409e-02,-4.319373171539325029e-16,9.396574789880055012e-03
7.853981633972979548e-01,3.695597623639713891e+00,7.853981633972982879e-01,-8.489138387356696125e-01,-7.113621936147576724e-17,2.419379720191760022e-02,-4.824553000585582420e-16,8.973587291563618618e-03
7.853981633972979548e-01,3.697953934707288504e+00,7.853981633972982879e-01,-8.480370149318939843e-01,-6.947230686503819210e-17,2.294310802344279310e-02,-4.780093423374310231e-16,8.566113384237255060e-03
7.853981633972979548e-01,3.700188394812974568e+00,7.853981633972982879e-01,-8.472001673612813422e-01,-6.313817272177330213e-17,2.175626044078288537e-02,-4.306985600321850717e-16,8.173963451562011109e-03
7.853981633972979548e-01,3.702307228639356129e+00,7.853981633972982879e-01,-8.464017753640945552e-01,-9.430096363769457945e-17,2.063008753074451612e-02,-5.595702199893023548e-16,7.796901693907965988e-03
7.853981633972979548e-01,3.704316351530926976e+00,7.853981633972981768e-01,-8.456403438420745378e-01,-7.653644924369953124e-17,1.956156875768031919e-02,-4.972264191012961789e-16,7.434653254153276818e-03
7.853981633972979548e-01,3.706221383860468510e+00,7.853981633972981768e-01,-8.449144068403434682e-01,-4.828807546900556569e-17,1.854782450897662568e-02,-3.555782519976493036e-16,7.086910627642748622e-03
7.853981633972979548e-01,3.708027664850298333e+00,7.853981633972981768e-01,-8.442225305216490838e-01,-4.839541170193654069e-17,1.758611066373423626e-02,-3.565651920591014213e-16,6.753339410620816559e-03
7.853981633972979548e-01,3.709740265853129326e+00,7.853981633972981768e-01,-8.435633155964890051e-01,-2.069241089296935398e-17,1.667381322205995289e-02,-1.943711134019174307e-16,6.433583439197452375e-03
7.853981633972979548e-01,3.711364003099777875e+00,7.853981633972981768e-01,-8.429353992675739926e-01,-4.042859533940724894e-17,1.580844301764487703e-02,-2.958498742528040536e-16,6.127269368418779283e-03
7.853981633972979548e-01,3.712903449923012023e+00,7.853981633972981768e-01,-8.423374567422586834e-01,-3.111855899527870463e-17,1.498763053216740047e-02,-2.504886986096289973e-16,5.834010738394059155e-03
7.853981633972979548e-01,3.714362948468508563e+00,7.853981633972981768e-01,-8.417682023620098875e-01,-2.349572544352908662e-17,1.420912082645909430e-02,-1.861137255126281945e-16,5.553411571744676194e-03
7.853981633972979548e-01,3.715746620905207465e+00,7.853981633972981768e-01,-8.412263903936906262e-01,-3.653722639049716711e-17,1.347076860025805262e-02,-2.819546997651478926e-16,5.285069543898830366e-03
7.853981633972979548e-01,3.717058380148414276e+00,7.853981633972981768e-01,-8.407108155234203073e-01,-5.212827560088487798e-17,1.277053338967586507e-02,-3.441093497086757909e-16,5.028578765067018980e-03
7.853981633972979548e-01,3.718301940109774772e+00,7.853981633972981768e-01,-8.402203130900234296e-01,-2.396228521027830721e-17,1.210647490919070958e-02,-1.923554286594360500e-16,4.783532210037782367e-03
7.853981633972979548e-01,3.719480825488844733e+00,7.853981633972981768e-01,-8.397537590915931105e-01,-1.772147902011743709e-17,1.147674854298870971e-02,-1.824108704686190057e-16,4.549523829375962634e-03
7.853981633972979548e-01,3.720598381121354770e+00,7.853981633972981768e-01,-8.393100699954646471e-01,-5.884538502190957863e-17,1.087960098878057620e-02,-3.555328582888778253e-16,4.326150373066327791e-03
7.853981633972979548e-01,3.721657780899521040e+00,7.853981633972981768e-01,-8.388882023789084874e-01,-2.888352724806165303e-17,1.031336605577919292e-02,-2.282296679279387234e-16,4.113012955274763897e-03
7.853981633972979548e-01,3.722662036279853481e+00,7.853981633972981768e-01,-8.384871524251025221e-01,-2.441655593076969007e-17,9.776460617306307471e-03,-1.926714140743195767e-16,3.909718386589976571e-03
7.853981633972979548e-01,3.723614004393906995e+00,7.853981633972981768e-01,-8.381059552964128523e-01,-2.786771938369601550e-17,9.267380717474738017e-03,-2.237261166657329983e-16,3.715880297955561230e-03
7.853981633972979548e-01,3.724516395777320632e+00,7.853981633972981768e-01,-8.377436844046960429e-01,-2.188620879631591104e-17,8.784697830534406171e-03,-1.951968436929594134e-16,3.531120078471322761e-03
7.853981633972979548e-01,3.725371781732315757e+00,7.853981633972981768e-01,-8.373994505962137902e-01,-2.387692657390027063e-18,8.327055270776562504e-03,-1.218500938073572686e-16,3.355067647297224707e-03
7.853981633972979548e-01,3.726182601338579481e+00,7.853981633972981768e-01,-8.370724012668178116e-01,-4.215115204504235211e-17,7.893164750302893856e-03,-3.211398097314580046e-16,3.187362078133952007e-03
7.853981633972979548e-01,3.726951168127168756e+00,7.853981633972981768e-01,-8.367617194212985110e-01,-3.875780578095904058e-17,7.481803081508114905e-03,-2.890178809291944263e-16,3.027652093066313804e-03
7.853981633972979548e-01,3.727679676431733480e+00,7.853981633972981768e-01,-8.364666226891922518e-01,-3.782541033875765766e-17,7.091809020749944431e-03,-2.742697935157155147e-16,2.875596441015875956e-03
7.853981633972979548e-01,3.728370207430993233e+00,7.853981633972981768e-01,-8.361863623078874541e-01,-3.538162138281869155e-17,6.722080249397238173e-03,-2.831321363468256627e-16,2.730864174609329547e-03
7.853981633972979548e-01,3.729024734896003057e+00,7.853981633972981768e-01,-8.359202220825580065e-01,-5.516412592363802119e-17,6.371570488227128008e-03,-3.380019969708264399e-16,2.593134837945629528e-03
7.853981633972979548e-01,3.729645130655341312e+00,7.853981633972981768e-01,-8.356675173312646532e-01,-4.373699637868286882e-17,6.039286740987578200e-03,-2.959958132499440226e-16,2.462098576523249951e-03
7.853981633972979548e-01,3.730233169790920122e+00,7.853981633972981768e-01,-8.354275938224952069e-01,-5.686729267924736069e-17,5.724286662835665999e-03,-3.338959763768661855e-16,2.337456179473650694e-03
7.853981633972979548e-01,3.730790535576689937e+00,7.853981633972981768e-01,-8.351998267114523200e-01,-7.736369541084301352e-18,5.425676049300069172e-03,-1.253245681361282133e-16,2.218919063215407921e-03
7.853981633972979548e-01,3.731318824172078052e+00,7.853981633972981768e-01,-8.349836194805332346e-01,-3.087297934462666997e-18,5.142606441397073493e-03,-1.115655717501875517e-16,2.106209204695441532e-03
7.853981633972979548e-01,3.731819549081549336e+00,7.853981633972981768e-01,-8.347784028886725549e-01,-3.978153627676394601e-18,4.874272842525115453e-03,-1.055575248788825347e-16,1.999059031546185014e-03
7.853981633972979548e-01,3.732294145391262141e+00,7.853981633972981768e-01,-8.345836339335268583e-01,-1.263390565210980820e-17,4.619911542808865547e-03,-1.510125346563514078e-16,1.897211275679879091e-03
7.853981633972979548e-01,3.732743973793341219e+00,7.853981633972981768e-01,-8.343987948298606794e-01,-1.479452889279675719e-17,4.378798046603776979e-03,-1.804465672131947334e-16,1.800418796154519075e-03
7.853981633972979548e-01,3.733170324407876439e+00,7.853981633972981768e-01,-8.342233920069467290e-01,-2.711685585090409103e-17,4.150245098957021719e-03,-2.129715079817546305e-16,1.708444376471905885e-03
7.853981633972979548e-01,3.733574420412340444e+00,7.853981633972981768e-01,-8.340569551273037119e-01,-6.102076111216729108e-19,3.933600806890438784e-03,-1.271793934733918780e-16,1.621060500921476513e-03
7.853981633972979548e-01,3.733957421487697825e+00,7.853981633972981768e-01,-8.338990361286615638e-01,-6.975780995467181663e-18,3.728246851482986280e-03,-1.611803359100950971e-16,1.538049114006940707e-03
7.853981633972979548e-01,3.734320427090096484e+00,7.853981633972981768e-01,-8.337492082906644564e-01,-7.507202610302835777e-18,3.533596786824426319e-03,-1.603098978794598245e-16,1.459201366555700104e-03
7.853981633972979548e-01,3.734664479556632166e+00,7.853981633972981768e-01,-8.336070653274837428e-01,-2.563384541004623878e-17,3.349094422029441284e-03,-2.422964166858843705e-16,1.384317351655464006e-03
7.853981633972979548e-01,3.734990567053309896e+00,7.853981633972981768e-01,-8.334722205072171430e-01,-2.081438159085925623e-17,3.174212282614945809e-03,-1.650373196129703002e-16,1.313205833189441934e-03
7.853981633972979548e-01,3.735299626372959647e+00,7.853981633972981768e-01,-8.333443057986937852e-01,-2.711227512239678770e-18,3.008450147668663508e-03,-1.006752013305128866e-16,1.245683969370518351e-03
7.853981633972979548e-01,3.735592545590507463e+00,7.853981633972981768e-01,-8.332229710460771210e-01,-2.512709860411427298e-17,2.851333659355606738e-03,-2.275195439150197228e-16,1.181577033378613303e-03
7.853981633972979548e-01,3.735870166582674567e+00,7.853981633972981768e-01,-8.331078831714626709e-01,-1.471125464064368844e-17,2.702413001428403266e-03,-1.614286132482417379e-16,1.120718132948345406e-03
7.853981633972979548e-01,3.736133287418839988e+00,7.853981633972981768e-01,-8.329987254054983525e-01,-1.597305284293058616e-18,2.561261643546439235e-03,-1.184427947884323838e-16,1.062947930422900467e-03
7.853981633972979548e-01,3.736382664629494865e+00,7.853981633972981768e-01,-8.328951965459093776e-01,8.024692897906908644e-18,2.427475148309226997e-03,-5.602910185391354762e-17,1.008114364676722472e-03
7.853981633972979548e-01,3.736619015358409346e+00,7.853981633972981768e-01,-8.327970102436856870e-01,-1.433071998598863451e-17,2.300670038053453936e-03,-1.854175506736049357e-16,9.560723760037925312e-04
7.853981633972979548e-01,3.736843019404345156e+00,7.853981633972981768e-01,-8.327038943165829821e-01,-7.423886118847228013e-18,2.180482718562545049e-03,-1.197755040228308147e-16,9.066836349819667800e-04
7.853981633972979548e-01,3.737055321157872534e+00,7.853981633972981768e-01,-8.326155900895011452e-01,7.448793370666002762e-18,2.066568456972667136e-03,-5.882963630377204083e-17,8.598162760936766845e-04
7.853981633972979548e-01,3.737256531438573059e+00,7.853981633972981768e-01,-8.325318517612292357e-01,2.094405521172258611e-17,1.958600411259918492e-03,2.925119367620892940e-18,8.153446367868208292e-04
7.853981633972979548e-01,3.737447229237666146e+00,7.853981633972981768e-01,-8.324524457969849633e-01,-1.408259887459643184e-17,1.856268708816591903e-03,-1.555552034123799898e-16,7.731490025182525270e-04
7.853981633972979548e-01,3.737627963370846906e+00,7.853981633972981768e-01,-8.323771503461281362e-01,-2.786167082814726859e-17,1.759279571721796519e-03,-2.279330421135982113e-16,7.331153582282340809e-04
7.853981633972979548e-01,3.737799254045887754e+00,7.853981633972981768e-01,-8.323057546843877219e-01,-3.007766267063986637e-17,1.667354486428184856e-03,-2.301905219067921338e-16,6.951351465777118191e-04
7.853981633972979548e-01,3.737961594349337613e+00,7.853981633972981768e-01,-8.322380586799120739e-01,-3.099900165282960204e-17,1.580229415679273173e-03,-2.177461327890109461e-16,6.591050332234061216e-04
7.853981633972979548e-01,3.738115451656436772e+00,7.853981633972981768e-01,-8.321738722824297829e-01,-3.712509197326418872e-17,1.497654050579946871e-03,-2.659321588005030921e-16,6.249266792995694349e-04
7.853981633972979548e-01,3.738261268968162465e+00,7.853981633972981768e-01,-8.321130150347942900e-01,-3.783897761656689571e-17,1.419391100830055341e-03,-2.689541731405415459e-16,5.925065212377634769e-04
7.853981633972979548e-01,3.738399466179124442e+00,7.853981633972981768e-01,-8.320553156061734068e-01,-3.212403203376575741e-17,1.345215621223422179e-03,-2.482451795281443493e-16,5.617555580052399329e-04
7.853981633972979548e-01,3.738530441279849459e+00,7.853981633972981768e-01,-8.320006113461425601e-01,-2.248515257108590827e-17,1.274914372611099349e-03,-1.941053373855759860e-16,5.325891457586023241e-04
7.853981633972979548e-01,3.738654571496810686e+00,7.853981633972981768e-01,-8.319487478589395746e-01,-5.616770140372322014e-17,1.208285215602719837e-03,-3.660755858559859974e-16,5.049267999055973228e-04
7.853981633972979548e-01,3.738772214373396796e+00,7.853981633972981768e-01,-8.318995785971444734e-01,-3.379854316554557623e-17,1.145136535365878306e-03,-2.465454973086312732e-16,4.786920045206098694e-04
7.853981633972979548e-01,3.738883708794848104e+00,7.853981633972981768e-01,-8.318529644740511042e-01,-2.208948414807069985e-17,1.085286695961058508e-03,-1.807592523101723961e-16,4.538120290245304983e-04
7.853981633972979548e-01,3.738989375960041883e+00,7.853981633972981768e-01,-8.318087734940118327e-01,-2.164290663791593396e-17,1.028563522725566741e-03,-1.903251260566156482e-16,4.302177520173585323e-04
7.853981633972979548e-01,3.739089520302857572e+00,7.853981633972981768e-01,-8.317668804000447613e-01,-1.333621873311458914e-17,9.748038112905639150e-04,-1.299026705314239024e-16,4.078434921305314404e-04
7.853981633972979548e-01,3.739184430365719791e+00,7.853981633972981768e-01,-8.317271663380104707e-01,-8.637754190124617565e-18,9.238528618821680288e-04,-1.197254374208129670e-16,3.866268457613617642e-04
7.853981633972979548e-01,3.739274379627779865e+00,7.853981633972981768e-01,-8.316895185366758314e-01,-1.619893692075694971e-17,8.755640376259480467e-04,-1.506858695830359015e-16,3.665085315176621131e-04
7.853981633972979548e-01,3.739359627290078869e+00,7.853981633972981768e-01,-8.316538300030063002e-01,-2.889868069868968095e-17,8.297983456396710450e-04,-2.330467744079505221e-16,3.474322411920844830e-04
7.853981633972979548e-01,3.739440419019909534e+00,7.853981633972981768e-01,-8.316199992320385537e-01,-4.559923466286798455e-17,7.864240397480032601e-04,-2.965975720690336723e-16,3.293444971058005028e-04
7.853981633972979548e-01,3.739516987656483327e+00,7.853981633972981768e-01,-8.315879299307095129e-01,-5.437336317459794190e-17,7.453162437229474135e-04,-3.593152832941295598e-16,3.121945156143581890e-04
7.853981633972979548e-01,3.739589553879905992e+00,7.853981633972981768e-01,-8.315575307550328032e-01,-5.474036652200215390e-17,7.063565940020649810e-04,-3.674996052548122567e-16,2.959340765895671294e-04
7.853981633972979548e-01,3.739658326845354264e+00,7.853981633972981768e-01,-8.315287150600367827e-01,-4.793755435387107435e-17,6.694329008882428812e-04,-3.100378598207121760e-16,2.805173986787551409e-04
7.853981633972979548e-01,3.739723504784260300e+00,7.853981633972981768e-01,-8.315014006618942632e-01,-5.109020313368849756e-17,6.344388272843387707e-04,-3.330283577372400169e-16,2.659010201521439247e-04
7.853981633972979548e-01,3.739785275574204704e+00,7.853981633972981768e-01,-8.314755096116972499e-01,-4.059717077905506292e-17,6.012735840667428203e-04,-2.818228474561701901e-16,2.520436851324215255e-04
7.853981633972979548e-01,3.739843817279146165e+00,7.853981633972981768e-01,-8.314509679803463449e-01,-3.288882577586315719e-17,5.698416412433502699e-04,-2.383460306356941854e-16,2.389062350141486779e-04
7.853981633972979548e-01,3.739899298661519822e+00,7.853981633972981768e-01,-8.314277056540473332e-01,-1.453504631321248999e-17,5.400524540858913508e-04,-1.632589048990084139e-16,2.264515048724267607e-04
7.853981633972979548e-01,3.739951879667666734e+00,7.853981633972981768e-01,-8.314056561399244538e-01,-1.308065549903382201e-17,5.118202034671493405e-04,-1.646867178836533990e-16,2.146442246782095497e-04
7.853981633972979548e-01,3.740001711887976033e+00,7.853981633972981768e-01,-8.313847563812792885e-01,-2.042874873154910758e-17,4.850635496697582646e-04,-1.844726121816990284e-16,2.034509251285775979e-04
7.853981633972979548e-01,3.740048938993052463e+00,7.853981633972981768e-01,-8.313649465820444062e-01,-3.030926812593290405e-17,4.597053989771191147e-04,-2.401224669374291647e-16,1.928398478988373112e-04
7.853981633972979548e-01,3.740093697147153673e+00,7.853981633972981768e-01,-8.313461700399971122e-01,-1.343116359611028130e-17,4.356726823853838883e-04,-1.757667318459904204e-16,1.827808601417847375e-04
7.853981633972979548e-01,3.740136115400080286e+00,7.853981633972981768e-01,-8.313283729883178541e-01,-8.329557823053597515e-18,4.128961458099583443e-04,-1.692819831630860067e-16,1.732453730599440331e-04
7.853981633972979548e-01,3.740176316058634320e+00,7.853981633972981768e-01,-8.313115044450960500e-01,-3.017343118389744105e-17,3.913101511970035586e-04,-2.595024948952018706e-16,1.642062643679912770e-04
7.853981633972979548e-01,3.740214415038712659e+00,7.853981633972981768e-01,-8.312955160704007529e-01,-2.130605945099301307e-17,3.708524879725886257e-04,-1.996415896542546755e-16,1.556378044906274092e-04
7.853981633972979548e-01,3.740250522199036975e+00,7.853981633972981768e-01,-8.312803620305517782e-01,-1.260176134766195486e-17,3.514641942971096595e-04,-1.896247850482906519e-16,1.475155863272406651e-04
7.853981633972979548e-01,3.740284741657481593e+00,7.853981633972981768e-01,-8.312659988692425728e-01,-2.353862425474754190e-17,3.330893876190253733e-04,-2.127498724932236396e-16,1.398164584222553336e-04
7.853981633972979548e-01,3.740317172090898534e+00,7.853981633972981768e-01,-8.312523853851819799e-01,-2.015132080283810400e-17,3.156751040431863002e-04,-1.693286944472802884e-16,1.325184614005513997e-04
7.853981633972979548e-01,3.740347907019301754e+00,7.853981633972981768e-01,-8.312394825159349354e-01,-2.403698284215135171e-17,2.991711460612018559e-04,-2.032018048930478151e-16,1.256007675096146639e-04
7.853981633972979548e-01,3.740377035075225454e+00,7.853981633972981768e-01,-8.312272532276600012e-01,-3.174184722014364902e-17,2.835299382081646704e-04,-2.452741285621267958e-16,1.190436231350067343e-04
7.853981633972979548e-01,3.740404640259026081e+00,7.853981633972981768e-01,-8.312156624104516389e-01,-5.465086384008279060e-18,2.687063902361561726e-04,-1.331736324943625675e-16,1.128282941469896139e-04
7.853981633972979548e-01,3.740430802180861214e+00,7.853981633972981768e-01,-8.312046767790115531e-01,-3.990493040648971244e-17,2.546577674110565609e-04,-2.850509145777638277e-16,1.069370139638787961e-04
7.853981633972979548e-01,3.740455596290039431e+00,7.853981633972981768e-01,-8.311942647783844285e-01,-3.724284316087449916e-17,2.413435675706162751e-04,-2.696132248495897332e-16,1.013529341726883572e-04
7.853981633972979548e-01,3.740479094092398427e+00,7.853981633972981768e-01,-8.311843964945070384e-01,-1.902227436422733018e-17,2.287254045855083144e-04,-1.980708645087279710e-16,9.606007762246214022e-05
7.853981633972979548e-01,3.740501363356336650e+00,7.853981633972981768e-01,-8.311750435693296968e-01,3.242304615488945511e-18,2.167668978930368227e-04,-1.156673523971816914e-16,9.104329385877047635e-05
7.853981633972979548e-01,3.740522468308086879e+00,7.853981633972981768e-01,-8.311661791202827887e-01,-4.878127978943056491e-17,2.054335677918183464e-04,-2.966548553019678805e-16,8.628821677579903704e-05
7.853981633972979548e-01,3.740542469816796611e+00,7.853981633972981768e-01,-8.311577776638698900e-01,-4.965665683940946197e-17,1.946927361917615766e-04,-3.113230288090214342e-16,8.178122440646908302e-05
7.853981633972979548e-01,3.740561425569943754e+00,7.853981633972981768e-01,-8.311498150431806398e-01,-1.494484954682934763e-17,1.845134325406350367e-04,-1.878175464593609834e-16,7.750940072719448898e-05
7.853981633972979548e-01,3.740579390239591628e+00,7.853981633972981768e-01,-8.311422683591259686e-01,-4.657450277828013915e-17,1.748663046564546616e-04,-3.294533915544515872e-16,7.346049938554260735e-05
7.853981633972979548e-01,3.740596415639962924e+00,7.853981633972981768e-01,-8.311351159052077220e-01,-3.870899948662691150e-17,1.657235342085086453e-04,-3.048192369443506657e-16,6.962290926846778898e-05
7.853981633972979548e-01,3.740612550876783793e+00,7.853981633972981768e-01,-8.311283371056441549e-01,-3.837292255406339189e-17,1.570587566100893726e-04,-2.973163060123392261e-16,6.598562180032544789e-05
7.853981633972979548e-01,3.740627842488827515e+00,7.853981633972981768e-01,-8.311219124566820993e-01,-1.198943186556074845e-17,1.488469850884511364e-04,-1.622867409556388610e-16,6.253819990336171664e-05
