1.137722788980903665e+01,0.000000000000000000e+00,2.238824718375261469e+01,6.199933836773579426e-02,0.000000000000000000e+00,3.345297035557814880e+00
9.335087925943897247e+00,0.000000000000000000e+00,1.577047677537420611e+01,2.958622398274642906e-01,0.000000000000000000e+00,2.224721975239185578e+00
7.357753644396586523e+00,0.000000000000000000e+00,9.606299487667842030e+00,2.475991352792531741e-01,0.000000000000000000e+00,1.008493637927490250e+00
6.626674391658267993e+00,0.000000000000000000e+00,5.504891667548244882e+00,3.275965527393868149e-01,0.000000000000000000e+00,2.099008999778585460e-01
6.699346111117271185e+00,0.000000000000000000e+00,2.911055133967074937e+00,7.684959645122039218e-01,2.615281795321147684e-01,0.000000000000000000e+00
7.171503319421417721e+00,0.000000000000000000e+00,1.369575088820325748e+00,1.230326178976748563e+00,5.088678109014911355e-01,0.000000000000000000e+00
7.820399237915362178e+00,0.000000000000000000e+00,5.620625761180808588e-01,1.543928576759366456e+00,6.088001058505952967e-01,0.000000000000000000e+00
8.529893634798748181e+00,0.000000000000000000e+00,2.564385413877660613e-01,1.748353985262476762e+00,6.149960960662893550e-01,0.000000000000000000e+00
9.246307860761678654e+00,0.000000000000000000e+00,2.916152878989802799e-01,1.875439704708367517e+00,5.620334367642817464e-01,0.000000000000000000e+00
9.936197324455184443e+00,0.000000000000000000e+00,5.529339067893398463e-01,1.947678217706171777e+00,4.724545075351649359e-01,0.000000000000000000e+00
1.058099848655636421e+01,0.000000000000000000e+00,9.613875572020249560e-01,1.980545559714005810e+00,3.606462572948038736e-01,0.000000000000000000e+00
1.117006931128197422e+01,0.000000000000000000e+00,1.460690388032440890e+00,1.984869018993454359e+00,2.363077521781370149e-01,0.000000000000000000e+00
1.170797479484621206e+01,0.000000000000000000e+00,2.015768312097905302e+00,1.969232365922254591e+00,1.052363217443447324e-01,0.000000000000000000e+00
1.218533505409051898e+01,0.000000000000000000e+00,2.592013143966381161e+00,1.965894687995452417e+00,0.000000000000000000e+00,2.680095141807358611e-02
1.258288612782751770e+01,0.000000000000000000e+00,3.155706307608614924e+00,2.051816645825331520e+00,0.000000000000000000e+00,1.541754074821577447e-01
1.289692591770743668e+01,0.000000000000000000e+00,3.686831103458618752e+00,2.121732831297905797e+00,0.000000000000000000e+00,2.736449271765198366e-01
1.313441386294983637e+01,0.000000000000000000e+00,4.175755665731847088e+00,2.177238775435821339e+00,0.000000000000000000e+00,3.837159487137103975e-01
1.330302856398007805e+01,0.000000000000000000e+00,4.616721075392212548e+00,2.219911749529868583e+00,0.000000000000000000e+00,4.835201149888259664e-01
1.341102856405114707e+01,0.000000000000000000e+00,5.007144304992899642e+00,2.251348573694495592e+00,0.000000000000000000e+00,5.727176649959867527e-01
1.346632245590779497e+01,0.000000000000000000e+00,5.346513941016016958e+00,2.273037939125898355e+00,0.000000000000000000e+00,6.513193026396134622e-01
1.347660960915509776e+01,0.000000000000000000e+00,5.636010434807419145e+00,2.286403547327519270e+00,0.000000000000000000e+00,7.196265316383628763e-01
1.344791095853758556e+01,0.000000000000000000e+00,5.877180525417264434e+00,2.292561932833001137e+00,0.000000000000000000e+00,7.780083187367706765e-01
1.338686606757231345e+01,0.000000000000000000e+00,6.073061051242055086e+00,2.292724378081916203e+00,0.000000000000000000e+00,8.270910047448609692e-01
1.329867098680150228e+01,0.000000000000000000e+00,6.226609140351363259e+00,2.287845267558689777e+00,0.000000000000000000e+00,8.674909742672187729e-01
1.318787671873429979e+01,0.000000000000000000e+00,6.340985786725544138e+00,2.278763497327163989e+00,0.000000000000000000e+00,8.998625321848696679e-01
1.305841239398898956e+01,0.000000000000000000e+00,6.419401231207100267e+00,2.266207415675745462e+00,0.000000000000000000e+00,9.248700960652470604e-01
1.291364146786846767e+01,0.000000000000000000e+00,6.465018062752102779e+00,2.250805294541289303e+00,0.000000000000000000e+00,9.431705699277107557e-01
1.275642708274826909e+01,0.000000000000000000e+00,6.480890955948146015e+00,2.233097071120280219e+00,0.000000000000000000e+00,9.554021399930451297e-01
1.258919996780396922e+01,0.000000000000000000e+00,6.469933217448980756e+00,2.213546262622567262e+00,0.000000000000000000e+00,9.621777692809017068e-01
1.241402044530850901e+01,0.000000000000000000e+00,6.434899558224522309e+00,2.192550681003397006e+00,0.000000000000000000e+00,9.640815824129866929e-01
1.223263434585189380e+01,0.000000000000000000e+00,6.378380638832224392e+00,2.170451979793015074e+00,0.000000000000000000e+00,9.616673693302455472e-01
1.204652156415786202e+01,0.000000000000000000e+00,6.302804852948350245e+00,2.147543860003227500e+00,0.000000000000000000e+00,9.554584207907602655e-01
1.185693710390858158e+01,0.000000000000000000e+00,6.210444110453778421e+00,2.124078940053561126e+00,0.000000000000000000e+00,9.459481267137042071e-01
1.166494492297130670e+01,0.000000000000000000e+00,6.103421174428896201e+00,2.100274362617933654e+00,0.000000000000000000e+00,9.336009022126422474e-01
1.147144518644368638e+01,0.000000000000000000e+00,5.983716727576164907e+00,2.076316253969529679e+00,0.000000000000000000e+00,9.188531123420096147e-01
1.127719569683546652e+01,0.000000000000000000e+00,5.853174828035974109e+00,2.052363173658973139e+00,0.000000000000000000e+00,9.021137508056347176e-01
1.108282837515968566e+01,0.000000000000000000e+00,5.713505828134461950e+00,2.028548706661072121e+00,0.000000000000000000e+00,8.837647007225611917e-01
1.088886173147679770e+01,0.000000000000000000e+00,5.566286195017502436e+00,2.004983358946588634e+00,0.000000000000000000e+00,8.641604703567159484e-01
1.069571030444261339e+01,0.000000000000000000e+00,5.412955006930482149e+00,1.981755923128035279e+00,0.000000000000000000e+00,8.436273560848853714e-01
1.050369207495970869e+01,0.000000000000000000e+00,5.254807212028043573e+00,1.958934484538261245e+00,0.000000000000000000e+00,8.224620400774369511e-01
1.031303487617558012e+01,0.000000000000000000e+00,5.092984034016726724e+00,1.936567240813415136e+00,0.000000000000000000e+00,8.009296821086591134e-01
1.012388283459273275e+01,0.000000000000000000e+00,4.928461194642881793e+00,1.914683310209767786e+00,0.000000000000000000e+00,7.792616143126138706e-01
9.936303888600923173e+00,0.000000000000000000e+00,4.762035903444872709e+00,1.893293705892898693e+00,0.000000000000000000e+00,7.576527957649227263e-01
9.750299439601890938e+00,0.000000000000000000e+00,4.594313847869022638e+00,1.872392654765323572e+00,0.000000000000000000e+00,7.362592319739397206e-01
9.565817196832838931e+00,0.000000000000000000e+00,4.425697717319295954e+00,1.851959439736265978e+00,0.000000000000000000e+00,7.151956154940772858e-01
9.382768257692928771e+00,0.000000000000000000e+00,4.256379119079835682e+00,1.831960939591677162e+00,0.000000000000000000e+00,6.945334991162683824e-01
9.201049414714102426e+00,0.000000000000000000e+00,4.086336117120129785e+00,1.812355029538694762e+00,0.000000000000000000e+00,6.743003766246804531e-01
9.020571545575474914e+00,0.000000000000000000e+00,3.915339038271937966e+00,1.793094978964473896e+00,0.000000000000000000e+00,6.544801164866297372e-01
8.841294680682102225e+00,0.000000000000000000e+00,3.742967637768398248e+00,1.774134933845155082e+00,0.000000000000000000e+00,6.350152697982196504e-01
8.663269873192104953e+00,0.000000000000000000e+00,3.568643143731513145e+00,1.755436486517217620e+00,0.000000000000000000e+00,6.158118460453015919e-01
8.486687222784626172e+00,0.000000000000000000e+00,3.391679000912858122e+00,1.736976200319334307e+00,0.000000000000000000e+00,5.967472006087750636e-01
8.311928214202465526e+00,0.000000000000000000e+00,3.211354114231473211e+00,1.718753754412791768e+00,0.000000000000000000e+00,5.776816739289502012e-01
8.139618818419565471e+00,0.000000000000000000e+00,3.027011745370352447e+00,1.700800090973785483e+00,0.000000000000000000e+00,5.584745126790461311e-01
7.970493315203484919e+00,0.000000000000000000e+00,2.838013931969165071e+00,1.683152587378341503e+00,0.000000000000000000e+00,5.389756178656192054e-01
7.806240058328799414e+00,0.000000000000000000e+00,2.644645341160524410e+00,1.666000626597221590e+00,0.000000000000000000e+00,5.191758956642615885e-01
7.648164526587099665e+00,0.000000000000000000e+00,2.447043701984951358e+00,1.649452614831108388e+00,0.000000000000000000e+00,4.990281370799474203e-01
7.498155655650830198e+00,0.000000000000000000e+00,2.246274834871689663e+00,1.633703247319831409e+00,0.000000000000000000e+00,4.786263322448614521e-01
7.358325933517039452e+00,0.000000000000000000e+00,2.044241762800460105e+00,1.618970778108716591e+00,0.000000000000000000e+00,4.581894773221717454e-01
7.230864139840774918e+00,0.000000000000000000e+00,1.843778118789916931e+00,1.605473103240001587e+00,0.000000000000000000e+00,4.380771479247360656e-01
7.117822679249039552e+00,0.000000000000000000e+00,1.648649004881946434e+00,1.593394339144757810e+00,0.000000000000000000e+00,4.187900709190393589e-01
7.020848505742592671e+00,0.000000000000000000e+00,1.463419482274066485e+00,1.582844012852804960e+00,0.000000000000000000e+00,4.009494273296645428e-01
6.940889636008837904e+00,0.000000000000000000e+00,1.293173080307151057e+00,1.573814605963622881e+00,0.000000000000000000e+00,3.852523481719677401e-01
6.877923777160591889e+00,0.000000000000000000e+00,1.143088817545495850e+00,1.566145165868854772e+00,0.000000000000000000e+00,3.724052820493476412e-01
6.830764393712026816e+00,0.000000000000000000e+00,1.017923046311769664e+00,1.559499494353556504e+00,0.000000000000000000e+00,3.630429845813832879e-01
6.796994924021279694e+00,0.000000000000000000e+00,9.214765826745338062e-01,1.553366022858457374e+00,0.000000000000000000e+00,3.576462063632413479e-01
6.773046447694453853e+00,0.000000000000000000e+00,8.561240993007976918e-01,1.547080063361191860e+00,0.000000000000000000e+00,3.564701492387042925e-01
6.754454288868608991e+00,0.000000000000000000e+00,8.225413049054288717e-01,1.539873112279959599e+00,0.000000000000000000e+00,3.595054698974408658e-01
6.736215284348848975e+00,0.000000000000000000e+00,8.196277123529028819e-01,1.530934746785637568e+00,0.000000000000000000e+00,3.664704507163610847e-01
6.713207323052869491e+00,0.000000000000000000e+00,8.446530644419170120e-01,1.519480756960581047e+00,0.000000000000000000e+00,3.768384944704924466e-01
6.680548745929403509e+00,0.000000000000000000e+00,8.934937526281079290e-01,1.504807053136948403e+00,0.000000000000000000e+00,3.898781191724361994e-01
6.634148738768026021e+00,0.000000000000000000e+00,9.613973820388519442e-01,1.486376265327520985e+00,0.000000000000000000e+00,4.047806363134002217e-01
6.570634210775804007e+00,0.000000000000000000e+00,1.042931025484709950e+00,1.463792831933925953e+00,0.000000000000000000e+00,4.206473491278877042e-01
6.487691954373077330e+00,0.000000000000000000e+00,1.132740616969105885e+00,1.436853795753698426e+00,0.000000000000000000e+00,4.366141204124852626e-01
6.384034557383989394e+00,0.000000000000000000e+00,1.225814645502618649e+00,1.405534343479417858e+00,0.000000000000000000e+00,4.518912365391455910e-01
6.259333293504969475e+00,0.000000000000000000e+00,1.317733126319977188e+00,1.369969705873591348e+00,0.000000000000000000e+00,4.658013251559289247e-01
6.114089773579519438e+00,0.000000000000000000e+00,1.404817776943634744e+00,1.330428140925977498e+00,0.000000000000000000e+00,4.778010130372107311e-01
5.949472935513083094e+00,0.000000000000000000e+00,1.484194267071457629e+00,1.287279400550020103e+00,0.000000000000000000e+00,4.874882461916153487e-01
5.767144430992952486e+00,0.000000000000000000e+00,1.553784249101981763e+00,1.240962405231612831e+00,0.000000000000000000e+00,4.945982557219103515e-01
5.569090071491429761e+00,0.000000000000000000e+00,1.612246966389196068e+00,1.191954920677954499e+00,0.000000000000000000e+00,4.989914633984512959e-01
5.357469204563899190e+00,0.000000000000000000e+00,1.658889129613275060e+00,1.140747065012236217e+00,0.000000000000000000e+00,5.006364238807715639e-01
5.134488651040204132e+00,0.000000000000000000e+00,1.693558860457744952e+00,1.087819613559338316e+00,0.000000000000000000e+00,4.995904183132282572e-01
4.902303625501911455e+00,0.000000000000000000e+00,1.716535905177568377e+00,1.033627381065116646e+00,0.000000000000000000e+00,4.959797177077869823e-01
4.662945025236651553e+00,0.000000000000000000e+00,1.728426736978208922e+00,9.785874676441477238e-01,0.000000000000000000e+00,4.899809393165630023e-01
4.418270529394809465e+00,0.000000000000000000e+00,1.730070007029844259e+00,9.230718415178171821e-01,0.000000000000000000e+00,4.818043922814979618e-01
4.169935911524015992e+00,0.000000000000000000e+00,1.722455253615704507e+00,8.674035680316546371e-01,0.000000000000000000e+00,4.716798812609522273e-01
3.919382609058505551e+00,0.000000000000000000e+00,1.706655870782815443e+00,8.118559437913031029e-01,0.000000000000000000e+00,4.598451150815522359e-01
3.667837696239499401e+00,0.000000000000000000e+00,1.683776016986308965e+00,7.566538215221814134e-01,0.000000000000000000e+00,4.465366436663512073e-01
3.416322789746212507e+00,0.000000000000000000e+00,1.654910313248187714e+00,7.019764851394222349e-01,0.000000000000000000e+00,4.319831051287900126e-01
3.165668938637775209e+00,0.000000000000000000e+00,1.621114729146814870e+00,6.479615319141298624e-01,0.000000000000000000e+00,4.164004880772770867e-01
2.916535113289088876e+00,0.000000000000000000e+00,1.583386879976935724e+00,5.947093227198207988e-01,0.000000000000000000e+00,3.999890847205956890e-01
2.669428448219874461e+00,0.000000000000000000e+00,1.542653970244624473e+00,5.422876611333998786e-01,0.000000000000000000e+00,3.829318132815121567e-01
2.424724875072771013e+00,0.000000000000000000e+00,1.499766746644434878e+00,4.907364513087361102e-01,0.000000000000000000e+00,3.653936115070091084e-01
2.182689188296077276e+00,0.000000000000000000e+00,1.455498014662166106e+00,4.400721601042091868e-01,0.000000000000000000e+00,3.475216375595664986e-01
1.943493914223325403e+00,0.000000000000000000e+00,1.410544489539148350e+00,3.902919702859244389e-01,0.000000000000000000e+00,3.294460537595163552e-01
1.707236609114462844e+00,0.000000000000000000e+00,1.365530969674181083e+00,3.413775595443052646e-01,0.000000000000000000e+00,3.112812081328956149e-01
1.473955402314615970e+00,0.000000000000000000e+00,1.321016023506470738e+00,2.932984761038400223e-01,0.000000000000000000e+00,2.931270657766303356e-01
1.243642737687220334e+00,0.000000000000000000e+00,1.277498561439034619e+00,2.460151077708563061e-01,0.000000000000000000e+00,2.750707751880079321e-01
1.016257360381238817e+00,0.000000000000000000e+00,1.235424819054579348e+00,1.994812592270174267e-01,0.000000000000000000e+00,2.571882832539826302e-01
7.917346564079243976e-01,0.000000000000000000e+00,1.195195404850723175e+00,1.536463639739933662e-01,0.000000000000000000e+00,2.395459361585009495e-01
5.699954673663596427e-01,0.000000000000000000e+00,1.157171858944356702e+00,1.084573579426007656e-01,0.000000000000000000e+00,2.222019677961548645e-01
3.509536476286464479e-01,0.000000000000000000e+00,1.121684092815134814e+00,6.386028298000144543e-02,0.000000000000000000e+00,2.052081180567375818e-01
1.345222889344190320e-01,0.000000000000000000e+00,1.089035288987039385e+00,1.980158709251021373e-02,0.000000000000000000e+00,1.886107782562909396e-01
0.000000000000000000e+00,7.938093811020346946e-02,1.138888976587175028e+00,0.000000000000000000e+00,2.377075882066469886e-02,1.962230906067020109e-01
0.000000000000000000e+00,2.908293523977453776e-01,1.324199059191798034e+00,0.000000000000000000e+00,6.690634209376440655e-02,2.236786784815766316e-01
0.000000000000000000e+00,4.998879086724186127e-01,1.510643853909589884e+00,0.000000000000000000e+00,1.096532848916629971e-01,2.512404043614089311e-01
0.000000000000000000e+00,7.066190527721263326e-01,1.697984285666470639e+00,0.000000000000000000e+00,1.520616101495523287e-01,2.788972023210374296e-01
0.000000000000000000e+00,9.110216663574801643e-01,1.887255533212357062e+00,0.000000000000000000e+00,1.941579536168372422e-01,3.068505301584639189e-01
0.000000000000000000e+00,1.113106384620260014e+00,2.078706102448229398e+00,0.000000000000000000e+00,2.359765501509341334e-01,3.351694348166123216e-01
0.000000000000000000e+00,1.312858942622530112e+00,2.272555353427863523e+00,0.000000000000000000e+00,2.775463008221554784e-01,3.639188223643818332e-01
0.000000000000000000e+00,1.510231706371126803e+00,2.469270564081495589e+00,0.000000000000000000e+00,3.188868072230361950e-01,3.932054539555299155e-01
0.000000000000000000e+00,1.705160267364169480e+00,2.668954490097767529e+00,0.000000000000000000e+00,3.600163537146705006e-01,4.230748440035634328e-01
0.000000000000000000e+00,1.897558006222180405e+00,2.871498533096470851e+00,0.000000000000000000e+00,4.009494651900894491e-01,4.535366625789410966e-01
0.000000000000000000e+00,2.087301994282692696e+00,3.077083797755981731e+00,0.000000000000000000e+00,4.416901227111843520e-01,4.846484202110533657e-01
0.000000000000000000e+00,2.274207596460644076e+00,3.286791581360558379e+00,0.000000000000000000e+00,4.822224289716753320e-01,5.166192152429582851e-01
0.000000000000000000e+00,2.458127770388067734e+00,3.499657208877512193e+00,0.000000000000000000e+00,5.225524013368082477e-01,5.493141759434350124e-01
0.000000000000000000e+00,2.638845291929995174e+00,3.715900377521184073e+00,0.000000000000000000e+00,5.626618394460162209e-01,5.827977204854516424e-01
0.000000000000000000e+00,2.816071847818554019e+00,3.936549356013391066e+00,0.000000000000000000e+00,6.025114949082570615e-01,6.172695350925088142e-01
0.000000000000000000e+00,2.988017034955731788e+00,4.188802851955373718e+00,0.000000000000000000e+00,6.415835909824392225e-01,6.573627085584730079e-01
0.000000000000000000e+00,3.153392876126835276e+00,4.478550434080293741e+00,0.000000000000000000e+00,6.796265223455052462e-01,7.041812628252445139e-01
0.000000000000000000e+00,3.311357421535670476e+00,4.799176505304263429e+00,0.000000000000000000e+00,7.165627613758008829e-01,7.567880981765662263e-01
0.000000000000000000e+00,3.460750446677790304e+00,5.148609363834891539e+00,0.000000000000000000e+00,7.522078752752864306e-01,8.150201326590137407e-01
0.000000000000000000e+00,3.600203469978868753e+00,5.526651825444794497e+00,0.000000000000000000e+00,7.863118394401669153e-01,8.790074633327581433e-01
0.000000000000000000e+00,3.728475093756300041e+00,5.930740501339832882e+00,0.000000000000000000e+00,8.186544097013958021e-01,9.484609349495114472e-01
0.000000000000000000e+00,3.844280914329262888e+00,6.358634557516364083e+00,0.000000000000000000e+00,8.489930972719853530e-01,1.023126374231162927e+00
0.000000000000000000e+00,3.946970423457670130e+00,6.802732045917915471e+00,0.000000000000000000e+00,8.772310247489528701e-01,1.101823732318690796e+00
0.000000000000000000e+00,4.035785385319792695e+00,7.258325391227295142e+00,0.000000000000000000e+00,9.032180916549512606e-01,1.183828512698419377e+00
0.000000000000000000e+00,4.110194490263325839e+00,7.720358986374007415e+00,0.000000000000000000e+00,9.268400607500191235e-01,1.268321900286591752e+00
0.000000000000000000e+00,4.169525019626949991e+00,8.186084300913062606e+00,0.000000000000000000e+00,9.479330938454386679e-01,1.354843329661914231e+00
0.000000000000000000e+00,4.214446295330581904e+00,8.645531564319059115e+00,0.000000000000000000e+00,9.666276785645036007e-01,1.441693040184037988e+00
0.000000000000000000e+00,4.245301780898624422e+00,9.093518803343329182e+00,0.000000000000000000e+00,9.829540244988851372e-01,1.527944208891784728e+00
0.000000000000000000e+00,4.262749639060348095e+00,9.524969736024150535e+00,0.000000000000000000e+00,9.969987594835313383e-01,1.612652544153025058e+00
0.000000000000000000e+00,4.265225659902705857e+00,9.946572857807844059e+00,0.000000000000000000e+00,1.008358462536791622e+00,1.696826018707811023e+00
0.000000000000000000e+00,4.255205845006939214e+00,1.034577649995214976e+01,0.000000000000000000e+00,1.017508425497931190e+00,1.778241802131291127e+00
0.000000000000000000e+00,4.235835626975622326e+00,1.071096740547131887e+01,0.000000000000000000e+00,1.025034750336242695e+00,1.854821809670438970e+00
0.000000000000000000e+00,4.200346948115599055e+00,1.107033584013328920e+01,0.000000000000000000e+00,1.029441294216163483e+00,1.931128050274268926e+00
0.000000000000000000e+00,4.158255455877544193e+00,1.138872325207549174e+01,0.000000000000000000e+00,1.032651931752501140e+00,2.001117598364204220e+00
0.000000000000000000e+00,4.099932624008538973e+00,1.170124506274115816e+01,0.000000000000000000e+00,1.032607961371358130e+00,2.070531871877181906e+00
0.000000000000000000e+00,4.037650886004726658e+00,1.196881889408980193e+01,0.000000000000000000e+00,1.031760058988594020e+00,2.132672061115751472e+00
0.000000000000000000e+00,3.956421664984010267e+00,1.223805128951371834e+01,0.000000000000000000e+00,1.027012325266552173e+00,2.195207996749553025e+00
0.000000000000000000e+00,3.868044560696645817e+00,1.247416915233079138e+01,0.000000000000000000e+00,1.020700667637178150e+00,2.252183416715956454e+00
0.000000000000000000e+00,3.773846158219553271e+00,1.267647868116001497e+01,0.000000000000000000e+00,1.013013227836786045e+00,2.303379438971679072e+00
0.000000000000000000e+00,3.658037106679485007e+00,1.288363160341098457e+01,0.000000000000000000e+00,1.000799138890124063e+00,2.355133201521679709e+00
0.000000000000000000e+00,3.532565146926304855e+00,1.306540941533020295e+01,0.000000000000000000e+00,9.863867852530084912e-01,2.402289240218144606e+00
0.000000000000000000e+00,3.399701945012000071e+00,1.321818060281177587e+01,0.000000000000000000e+00,9.701572096221646735e-01,2.444182643124630960e+00
0.000000000000000000e+00,3.258276844871868416e+00,1.334595413262667130e+01,0.000000000000000000e+00,9.518423711077634852e-01,2.481382632351675888e+00
0.000000000000000000e+00,3.095230456622395820e+00,1.347284945536997469e+01,0.000000000000000000e+00,9.289136582564364586e-01,2.517831831021950961e+00
0.000000000000000000e+00,2.916002405874575931e+00,1.358636816324754015e+01,0.000000000000000000e+00,9.024102520376605652e-01,2.551379784076578616e+00
0.000000000000000000e+00,2.728095203409124814e+00,1.367360166937828936e+01,0.000000000000000000e+00,8.737246537236262878e-01,2.579842902039512609e+00
0.000000000000000000e+00,2.530881962089098103e+00,1.373678142923624712e+01,0.000000000000000000e+00,8.427025246840669226e-01,2.603548139041068854e+00
0.000000000000000000e+00,2.323527788561748686e+00,1.377812811115599700e+01,0.000000000000000000e+00,8.091771077493086217e-01,2.622796671441264937e+00
0.000000000000000000e+00,2.104674430218486325e+00,1.380015790802830722e+01,0.000000000000000000e+00,7.728963753660776925e-01,2.637947340938778140e+00
0.000000000000000000e+00,1.873634194398216435e+00,1.380406532357321048e+01,0.000000000000000000e+00,7.337401653621138387e-01,2.649154549540844172e+00
0.000000000000000000e+00,1.618191573538406924e+00,1.380396491943284865e+01,0.000000000000000000e+00,6.894297552808007490e-01,2.658764131482171944e+00
0.000000000000000000e+00,1.350742277739304109e+00,1.378400252776549273e+01,0.000000000000000000e+00,6.422855589694469458e-01,2.664113226175162108e+00
0.000000000000000000e+00,1.076114729271843151e+00,1.373977078500372428e+01,0.000000000000000000e+00,5.931869424295695969e-01,2.664474032568538320e+00
0.000000000000000000e+00,7.940539347759021371e-01,1.367299541299517252e+01,0.000000000000000000e+00,5.420899138747173884e-01,2.660120871190871483e+00
0.000000000000000000e+00,5.047303398468939717e-01,1.358485239099183595e+01,0.000000000000000000e+00,4.890518879892852278e-01,2.651226517988310327e+00
0.000000000000000000e+00,2.081168941042731979e-01,1.347660995925489935e+01,0.000000000000000000e+00,4.341023590135560384e-01,2.637987273018074674e+00
9.570630481618029595e-02,0.000000000000000000e+00,1.344504474061585242e+01,0.000000000000000000e+00,3.772936018672278791e-01,2.620577713906104389e+00
4.064300654963819981e-01,0.000000000000000000e+00,1.361029381069280042e+01,0.000000000000000000e+00,3.187199589814918022e-01,2.599142604156541303e+00
7.234830009389759953e-01,0.000000000000000000e+00,1.376429669196005889e+01,0.000000000000000000e+00,2.585226995999607147e-01,2.573802724572618938e+00
1.046051997594846794e+00,0.000000000000000000e+00,1.390674920373870371e+01,0.000000000000000000e+00,1.968862010521444939e-01,2.544665959009142497e+00
1.373132087581496741e+00,0.000000000000000000e+00,1.403711668157962755e+01,0.000000000000000000e+00,1.340292790385713417e-01,2.511838889949403519e+00
1.703585447628404470e+00,0.000000000000000000e+00,1.415475675414143986e+01,0.000000000000000000e+00,7.019496594199237105e-02,2.475436158173869750e+00
2.036197375429634082e+00,0.000000000000000000e+00,1.425901752228430297e+01,0.000000000000000000e+00,5.640716839314706757e-03,2.435586686897673214e+00
2.369722678542375061e+00,0.000000000000000000e+00,1.434930583117547620e+01,5.936985996768227858e-02,0.000000000000000000e+00,2.451806707738278135e+00
2.702920492358285021e+00,0.000000000000000000e+00,1.442512808899392951e+01,1.245733943728617177e-01,0.000000000000000000e+00,2.470724562504595045e+00
3.034578296638108519e+00,0.000000000000000000e+00,1.448610952169145882e+01,1.897113634213712929e-01,0.000000000000000000e+00,2.486622683450800064e+00
3.363527326350000735e+00,0.000000000000000000e+00,1.453199859450242570e+01,2.545332523522723100e-01,0.000000000000000000e+00,2.499447324729907383e+00
3.688651956188827796e+00,0.000000000000000000e+00,1.456266257559758870e+01,3.187986724542902772e-01,0.000000000000000000e+00,2.509167405726788314e+00
4.008895360003775110e+00,0.000000000000000000e+00,1.457807873987246872e+01,3.822788018288325040e-01,0.000000000000000000e+00,2.515773238209662921e+00
4.323263280694947142e+00,0.000000000000000000e+00,1.457832429098618654e+01,4.447574466491140410e-01,0.000000000000000000e+00,2.519274929819781406e+00
4.630826972263898611e+00,0.000000000000000000e+00,1.456356655246000997e+01,5.060318954684444037e-01,0.000000000000000000e+00,2.519700731433295537e+00
4.930726935254590160e+00,0.000000000000000000e+00,1.453405541009120761e+01,5.659138529300978826e-01,0.000000000000000000e+00,2.517095689664740732e+00
5.222177814427159781e+00,0.000000000000000000e+00,1.449011813026317164e+01,6.242305208433759356e-01,0.000000000000000000e+00,2.511520645754140357e+00
5.504482717916502565e+00,0.000000000000000000e+00,1.443216611120835324e+01,6.808273286420274406e-01,0.000000000000000000e+00,2.503053296132640604e+00
5.777085669734226769e+00,0.000000000000000000e+00,1.436074562272959554e+01,7.355775150331236301e-01,0.000000000000000000e+00,2.491797017241423884e+00
6.039767451298543754e+00,0.000000000000000000e+00,1.427674782390739239e+01,7.884176010028757231e-01,0.000000000000000000e+00,2.477917913827841101e+00
6.289995782970109417e+00,0.000000000000000000e+00,1.417837273097147310e+01,8.388697431343031807e-01,0.000000000000000000e+00,2.461108220597900242e+00
6.535584269936543400e+00,0.000000000000000000e+00,1.407546695212193910e+01,8.883219031535006804e-01,0.000000000000000000e+00,2.443117837324252584e+00
6.787273188226939702e+00,0.000000000000000000e+00,1.398030222643008713e+01,9.386939721983152962e-01,0.000000000000000000e+00,2.426130101372814707e+00
7.023363341187465636e+00,0.000000000000000000e+00,1.386935959693616560e+01,9.860962981212896272e-01,0.000000000000000000e+00,2.406038229970101305e+00
7.243962621085784370e+00,0.000000000000000000e+00,1.374392423158261956e+01,1.030568234468851596e+00,0.000000000000000000e+00,2.383114599202222905e+00
7.447651227647182459e+00,0.000000000000000000e+00,1.360359638518009362e+01,1.071842860865560132e+00,0.000000000000000000e+00,2.357296135589162844e+00
7.634971819551627625e+00,0.000000000000000000e+00,1.345000023000155132e+01,1.109994417643288989e+00,0.000000000000000000e+00,2.328864096201832545e+00
7.806994866874693351e+00,0.000000000000000000e+00,1.328516078152847868e+01,1.145188604276719424e+00,0.000000000000000000e+00,2.298167083634848673e+00
7.964297281525829497e+00,0.000000000000000000e+00,1.311045575928053353e+01,1.177506175834375224e+00,0.000000000000000000e+00,2.265443266153011503e+00
8.116969500569371831e+00,0.000000000000000000e+00,1.293645456869747434e+01,1.208734982325694762e+00,0.000000000000000000e+00,2.232550801131140794e+00
8.282833620873018887e+00,0.000000000000000000e+00,1.278047051942047396e+01,1.242055923413915020e+00,0.000000000000000000e+00,2.202541802969030904e+00
8.430985825507846698e+00,0.000000000000000000e+00,1.261239287192453773e+01,1.271987328453336730e+00,0.000000000000000000e+00,2.170182294983163729e+00
8.559799366393775699e+00,0.000000000000000000e+00,1.243143837924164252e+01,1.298285693680850672e+00,0.000000000000000000e+00,2.135391299386214747e+00
8.670244922957635936e+00,0.000000000000000000e+00,1.223926777826393320e+01,1.321122960522032486e+00,0.000000000000000000e+00,2.098465646705545584e+00
8.768761944522042384e+00,0.000000000000000000e+00,1.204241824169643671e+01,1.341625266396372584e+00,0.000000000000000000e+00,2.060535958956600133e+00
8.885418142030260924e+00,0.000000000000000000e+00,1.186833705051387078e+01,1.365118802645578944e+00,0.000000000000000000e+00,2.026384803275076418e+00
8.982154375630878818e+00,0.000000000000000000e+00,1.168220873614630051e+01,1.384865478665569416e+00,0.000000000000000000e+00,1.989959057016819521e+00
9.057383846889244694e+00,0.000000000000000000e+00,1.148323596307855432e+01,1.400631542974923205e+00,0.000000000000000000e+00,1.951168145002226684e+00
9.137266078984440654e+00,0.000000000000000000e+00,1.129481016699230445e+01,1.417046057408910098e+00,0.000000000000000000e+00,1.914079562993557415e+00
9.216000993885774761e+00,0.000000000000000000e+00,1.111157967472527375e+01,1.433076654177538600e+00,0.000000000000000000e+00,1.877755600519320112e+00
9.272969692462240232e+00,0.000000000000000000e+00,1.091582987919818493e+01,1.445109622341651523e+00,0.000000000000000000e+00,1.839147042191821013e+00
9.353477381732764329e+00,0.000000000000000000e+00,1.074628044140477812e+01,1.461161631422353002e+00,0.000000000000000000e+00,1.804982107433898308e+00
9.447868871837707516e+00,0.000000000000000000e+00,1.059395419346281741e+01,1.479544104224814305e+00,0.000000000000000000e+00,1.773711263078062705e+00
9.567599603373555084e+00,0.000000000000000000e+00,1.046772555419309647e+01,1.502350364707235153e+00,0.000000000000000000e+00,1.746928393604092467e+00
9.709277876784785377e+00,0.000000000000000000e+00,1.036394042525788350e+01,1.529070244915878396e+00,0.000000000000000000e+00,1.724067319606148674e+00
9.862383291598575852e+00,0.000000000000000000e+00,1.027335004965972232e+01,1.557955730439707365e+00,0.000000000000000000e+00,1.703608976700110356e+00
1.002146660372127940e+01,0.000000000000000000e+00,1.019120060410030604e+01,1.588137493316094329e+00,0.000000000000000000e+00,1.684798405487266892e+00
1.019202387750528516e+01,0.000000000000000000e+00,1.012169588194466741e+01,1.620636557367036934e+00,0.000000000000000000e+00,1.668396348810119001e+00
1.036300700604929936e+01,0.000000000000000000e+00,1.005579805025382178e+01,1.653558663057403288e+00,0.000000000000000000e+00,1.652874245645633122e+00
1.054093538275147779e+01,0.000000000000000000e+00,9.998614528971772941e+00,1.688078358392230527e+00,0.000000000000000000e+00,1.639127722935332931e+00
1.072801361601590742e+01,0.000000000000000000e+00,9.951714753030104887e+00,1.724600104224240038e+00,0.000000000000000000e+00,1.627432623542527379e+00
1.092462183921445451e+01,0.000000000000000000e+00,9.915200845116173056e+00,1.763216762421102590e+00,0.000000000000000000e+00,1.617820631112223184e+00
1.113180597413183470e+01,0.000000000000000000e+00,9.889666032625083147e+00,1.804143249262232462e+00,0.000000000000000000e+00,1.610414276349374729e+00
1.135212797611647062e+01,0.000000000000000000e+00,9.876977895713567435e+00,1.847863495034465675e+00,0.000000000000000000e+00,1.605554722253159428e+00
1.159518085873235727e+01,0.000000000000000000e+00,9.884011058031697772e+00,1.896082286179378240e+00,0.000000000000000000e+00,1.604441245843000408e+00
1.185265788224655559e+01,0.000000000000000000e+00,9.904229928888577561e+00,1.947408429732381485e+00,0.000000000000000000e+00,1.605999562461981833e+00
1.207040344068219362e+01,0.000000000000000000e+00,9.896617530084052206e+00,1.992507314871900803e+00,0.000000000000000000e+00,1.603327901945357903e+00
1.223923970217051505e+01,0.000000000000000000e+00,9.854911444341807325e+00,2.029804669277007090e+00,0.000000000000000000e+00,1.595390797712967323e+00
1.236395401299734154e+01,0.000000000000000000e+00,9.783421286408339412e+00,2.060037130325808263e+00,0.000000000000000000e+00,1.582852993326830937e+00
1.245008553401984663e+01,0.000000000000000000e+00,9.686880443134100460e+00,2.084026586523915814e+00,0.000000000000000000e+00,1.566413165666453278e+00
1.250200038347350606e+01,0.000000000000000000e+00,9.568982905669690453e+00,2.102396277190124785e+00,0.000000000000000000e+00,1.546597240682664687e+00
1.252414195871870284e+01,0.000000000000000000e+00,9.433325921466781949e+00,2.115804664921407952e+00,0.000000000000000000e+00,1.523931753048148874e+00
1.251905100782621361e+01,0.000000000000000000e+00,9.281965384544305309e+00,2.124606517905933689e+00,0.000000000000000000e+00,1.498702931130648119e+00
1.249082041645176133e+01,0.000000000000000000e+00,9.117993803406120534e+00,2.129447319555246132e+00,0.000000000000000000e+00,1.471389162443306420e+00
1.244209603739724379e+01,0.000000000000000000e+00,8.943342952749514296e+00,2.130741651179937968e+00,0.000000000000000000e+00,1.442288197252230120e+00
1.237529976058623227e+01,0.000000000000000000e+00,8.759708846329306908e+00,2.128882867470822227e+00,0.000000000000000000e+00,1.411672167523703836e+00
1.229259977173945018e+01,0.000000000000000000e+00,8.568548798029667068e+00,2.124233911644755501e+00,0.000000000000000000e+00,1.379784203043377566e+00
1.219592975586303396e+01,0.000000000000000000e+00,8.371112148100319672e+00,2.117127739464979008e+00,0.000000000000000000e+00,1.346841670056766249e+00
1.208701652047312258e+01,0.000000000000000000e+00,8.168475387340496496e+00,2.107869752642423489e+00,0.000000000000000000e+00,1.313040577895361105e+00
1.196740907624639760e+01,0.000000000000000000e+00,7.961576834558870885e+00,2.096740861471631412e+00,0.000000000000000000e+00,1.278560175037640301e+00
1.183850282167516177e+01,0.000000000000000000e+00,7.751246341855766886e+00,2.084000006380579251e+00,0.000000000000000000e+00,1.243566904577769305e+00
1.170156000695430443e+01,0.000000000000000000e+00,7.538230874958850691e+00,2.069886292698648322e+00,0.000000000000000000e+00,1.208217815241771520e+00
1.155772618652524031e+01,0.000000000000000000e+00,7.323215640744225929e+00,2.054620645960523184e+00,0.000000000000000000e+00,1.172663334179225636e+00
1.140804293133801828e+01,0.000000000000000000e+00,7.106840744313295488e+00,2.038406998330850595e+00,0.000000000000000000e+00,1.137049366885446888e+00
1.125345717844102289e+01,0.000000000000000000e+00,6.889713360104913420e+00,2.021433039628436124e+00,0.000000000000000000e+00,1.101518695431930706e+00
1.109482765002984905e+01,0.000000000000000000e+00,6.672415394861585192e+00,2.003870580059362361e+00,0.000000000000000000e+00,1.066211650320891158e+00
1.093292880902641961e+01,0.000000000000000000e+00,6.455506634003322475e+00,1.985875581646836974e+00,0.000000000000000000e+00,1.031266038506906346e+00
1.076845286036249405e+01,0.000000000000000000e+00,6.239523419554832806e+00,1.967587925999105369e+00,0.000000000000000000e+00,9.968163239984156876e-01
1.060201035544760018e+01,0.000000000000000000e+00,6.024973006544785292e+00,1.949130997311286029e+00,0.000000000000000000e+00,9.629920776783050806e-01
1.043413000928506484e+01,0.000000000000000000e+00,5.812323880815728927e+00,1.930611170979952718e+00,0.000000000000000000e+00,9.299157386549020687e-01
1.026525839285769948e+01,0.000000000000000000e+00,5.601992487390837105e+00,1.912117309555736000e+00,0.000000000000000000e+00,8.976997593839896039e-01
1.009576021563157866e+01,0.000000000000000000e+00,5.394327007248445049e+00,1.893720378656340797e+00,0.000000000000000000e+00,8.664432397797116048e-01
9.925919963979737304e+00,0.000000000000000000e+00,5.189589026640419434e+00,1.875473305841775407e+00,0.000000000000000000e+00,8.362281908844833023e-01
9.755945710369363866e+00,0.000000000000000000e+00,4.987934165349036775e+00,1.857411215143735861e+00,0.000000000000000000e+00,8.071156063311639706e-01
9.585975951990931776e+00,0.000000000000000000e+00,4.789392970863978860e+00,1.839552178239457714e+00,0.000000000000000000e+00,7.791415604252261984e-01
9.416090374665232687e+00,0.000000000000000000e+00,4.593853655717219375e+00,1.821898629726870222e+00,0.000000000000000000e+00,7.523135972902746937e-01
9.246325445786302666e+00,0.000000000000000000e+00,4.401048558179020631e+00,1.804439594497852184e+00,0.000000000000000000e+00,7.266077268084124574e-01
9.076695712516777093e+00,0.000000000000000000e+00,4.210546564813949288e+00,1.787153868583052141e+00,0.000000000000000000e+00,7.019664038432805730e-01
8.907221566294678539e+00,0.000000000000000000e+00,4.021754136961854798e+00,1.770014272054465598e+00,0.000000000000000000e+00,6.782979356923588554e-01
8.737963989297350409e+00,0.000000000000000000e+00,3.833928024456685790e+00,1.752993046593195547e+00,0.000000000000000000e+00,6.554778374005871822e-01
8.569066342944410053e+00,0.000000000000000000e+00,3.646203173983473267e+00,1.736068388246908789e+00,0.000000000000000000e+00,6.333527260242083345e-01
8.400802497194593599e+00,0.000000000000000000e+00,3.457639638800473314e+00,1.719231972973330524e+00,0.000000000000000000e+00,6.117473949105819431e-01
8.233629420180964331e+00,0.000000000000000000e+00,3.267292277201094830e+00,1.702497132390875301e+00,0.000000000000000000e+00,5.904757049822770831e-01
8.068240644745271695e+00,0.000000000000000000e+00,3.074306381895860696e+00,1.685907055887649886e+00,0.000000000000000000e+00,5.693558206805205968e-01
7.905432267884666686e+00,0.000000000000000000e+00,2.877869906912807529e+00,1.669510328530281473e+00,0.000000000000000000e+00,5.482014601740102799e-01
7.746941636089680117e+00,0.000000000000000000e+00,2.678111137839296330e+00,1.653505303640536050e+00,0.000000000000000000e+00,5.269711373924438336e-01
7.594123727990507611e+00,0.000000000000000000e+00,2.475032194091171256e+00,1.638009379133207988e+00,0.000000000000000000e+00,5.055894000913461195e-01
7.448908716538929831e+00,0.000000000000000000e+00,2.269578029789169449e+00,1.623224779387065997e+00,0.000000000000000000e+00,4.841250889213653541e-01
7.313445470974958340e+00,0.000000000000000000e+00,2.063544614703351598e+00,1.609376411854999134e+00,0.000000000000000000e+00,4.627749059530246178e-01
7.189955190803794416e+00,0.000000000000000000e+00,1.859670778480988496e+00,1.596688103652857293e+00,0.000000000000000000e+00,4.418786591052228374e-01
7.080519676475461210e+00,0.000000000000000000e+00,1.661637781211791509e+00,1.585349342022978281e+00,0.000000000000000000e+00,4.219195617432865975e-01
6.986813259362470774e+00,0.000000000000000000e+00,1.473936852261772401e+00,1.575474640127196180e+00,0.000000000000000000e+00,4.035033301694648800e-01
6.909810160346490981e+00,0.000000000000000000e+00,1.301586913487330355e+00,1.567061230428040464e+00,0.000000000000000000e+00,3.873135104669523932e-01
6.849513820952398468e+00,0.000000000000000000e+00,1.149711040536218531e+00,1.559952802361424418e+00,0.000000000000000000e+00,3.740447211769009073e-01
6.804763535499075644e+00,0.000000000000000000e+00,1.023018021799318333e+00,1.553817794796443996e+00,0.000000000000000000e+00,3.643215674662144687e-01
6.773168038096793353e+00,0.000000000000000000e+00,9.252680967311104343e-01,1.548149166086217221e+00,0.000000000000000000e+00,3.586160682027971780e-01
6.751183981011092072e+00,0.000000000000000000e+00,8.588030518027073290e-01,1.542286793949920964e+00,0.000000000000000000e+00,3.571762054599888492e-01
6.734371186375059715e+00,0.000000000000000000e+00,8.242716196931800798e-01,1.535466548742722370e+00,0.000000000000000000e+00,3.599866023565577167e-01
6.717749552177829209e+00,0.000000000000000000e+00,8.205516609725408417e-01,1.526882132806971049e+00,0.000000000000000000e+00,3.667605715521906062e-01
6.696217906892736771e+00,0.000000000000000000e+00,8.448954777951226403e-01,1.515753097733753219e+00,0.000000000000000000e+00,3.769674000239788270e-01
6.664913004025410537e+00,0.000000000000000000e+00,8.931652058532282279e-01,1.501378683849183604e+00,0.000000000000000000e+00,3.898721506357228361e-01
6.619759557689874896e+00,0.000000000000000000e+00,9.605966532537684177e-01,1.483224360411468989e+00,0.000000000000000000e+00,4.046632040677176634e-01
6.557397344206198575e+00,0.000000000000000000e+00,1.041746517856299015e+00,1.460896950912034642e+00,0.000000000000000000e+00,4.204392648979942693e-01
6.475523442286419851e+00,0.000000000000000000e+00,1.131251436627687346e+00,1.434195443448628371e+00,0.000000000000000000e+00,4.363338632600061717e-01
6.372858532742950999e+00,0.000000000000000000e+00,1.224091257765140384e+00,1.403096595778177580e+00,0.000000000000000000e+00,4.515551385840019250e-01
6.249080207754095895e+00,0.000000000000000000e+00,1.315837805908796287e+00,1.367736906391051166e+00,0.000000000000000000e+00,4.654237157336834074e-01
6.104695045125605901e+00,0.000000000000000000e+00,1.402804974663083515e+00,1.328385669383823187e+00,0.000000000000000000e+00,4.773943431946511828e-01
5.940875982512134890e+00,0.000000000000000000e+00,1.482110974900251676e+00,1.285413506375573833e+00,0.000000000000000000e+00,4.870632082287872366e-01
5.759288025217420781e+00,0.000000000000000000e+00,1.551670409452514665e+00,1.239260095654322935e+00,0.000000000000000000e+00,4.941639061028799129e-01
5.561919941018699909e+00,0.000000000000000000e+00,1.610135942818356369e+00,1.190403890999602421e+00,0.000000000000000000e+00,4.985553523413414623e-01
5.350933815144358618e+00,0.000000000000000000e+00,1.656808236470833418e+00,1.139335659029047321e+00,0.000000000000000000e+00,5.002047314421737001e-01
5.128539104857499531e+00,0.000000000000000000e+00,1.691529937101913017e+00,1.086536803584438715e+00,0.000000000000000000e+00,4.991680946720387646e-01
4.896893627999396870e+00,0.000000000000000000e+00,1.714575914923084143e+00,1.032462759026484989e+00,0.000000000000000000e+00,4.955706243603103522e-01
4.658030883160297009e+00,0.000000000000000000e+00,1.726548370063547111e+00,9.775312408737728553e-01,0.000000000000000000e+00,4.895879877105755451e-01
4.413811154589141417e+00,0.000000000000000000e+00,1.728282268916220055e+00,9.221148288217189126e-01,0.000000000000000000e+00,4.814296767496119012e-01
4.165892814520784526e+00,0.000000000000000000e+00,1.720764023505107598e+00,8.665371932942196320e-01,0.000000000000000000e+00,4.713248037304266225e-01
3.915719873854510702e+00,0.000000000000000000e+00,1.705064419354183514e+00,8.110722256673064123e-01,0.000000000000000000e+00,4.595104997586628159e-01
3.664521932991077424e+00,0.000000000000000000e+00,1.682285476350349196e+00,7.559453587205262615e-01,0.000000000000000000e+00,4.462228406038303286e-01
3.413323065680227142e+00,0.000000000000000000e+00,1.653520095625317765e+00,7.013364374443571414e-01,0.000000000000000000e+00,4.316900822125055992e-01
3.162956689660717302e+00,0.000000000000000000e+00,1.619822893614109915e+00,6.473835974841724017e-01,0.000000000000000000e+00,4.161279114817041935e-01
2.914084039908212187e+00,0.000000000000000000e+00,1.582190448766553237e+00,5.941877124090573226e-01,0.000000000000000000e+00,3.997363882704827454e-01
2.667214399789352708e+00,0.000000000000000000e+00,1.541549197579876296e+00,5.418170706500228251e-01,0.000000000000000000e+00,3.826982574314776731e-01
2.422725726295813509e+00,0.000000000000000000e+00,1.498749344032447972e+00,4.903120320058806936e-01,0.000000000000000000e+00,3.651783328200567946e-01
2.180884711543621179e+00,0.000000000000000000e+00,1.454563337074085361e+00,4.396894891238415370e-01,0.000000000000000000e+00,3.473236896567004073e-01
1.941865650716817715e+00,0.000000000000000000e+00,1.409687687063934547e+00,3.899470206744706791e-01,0.000000000000000000e+00,3.292644407371213555e-01
1.705767741456570397e+00,0.000000000000000000e+00,1.364747109165376004e+00,3.410666708462367636e-01,0.000000000000000000e+00,3.111149114254887493e-01
1.472630630300566068e+00,0.000000000000000000e+00,1.320300184496748352e+00,2.930183258288634462e-01,0.000000000000000000e+00,2.929750653901134760e-01
1.242448158832455851e+00,0.000000000000000000e+00,1.276845910265393513e+00,2.457626840298193782e-01,0.000000000000000000e+00,2.749320661578320557e-01
1.015180356163138509e+00,0.000000000000000000e+00,1.234830664741829676e+00,1.992538347421277667e-01,0.000000000000000000e+00,2.570618880991857313e-01
7.907637848616257958e-01,0.000000000000000000e+00,1.194655239897921550e+00,1.534414715951137320e-01,0.000000000000000000e+00,2.394309140171564099e-01
5.691203624069405276e-01,0.000000000000000000e+00,1.156681387731587130e+00,1.082727677446792408e-01,0.000000000000000000e+00,2.220974208375676717e-01
3.501649251264001839e-01,0.000000000000000000e+00,1.121239250063874593e+00,6.369398094648268116e-02,0.000000000000000000e+00,2.051131957004189710e-01
1.338114596633326880e-01,0.000000000000000000e+00,1.088632250146942537e+00,1.965175540140365329e-02,0.000000000000000000e+00,1.885246796158676907e-01
0.000000000000000000e+00,8.002154897237551134e-02,1.139164772831410488e+00,0.000000000000000000e+00,2.390575997763665431e-02,1.962800667101336494e-01
0.000000000000000000e+00,2.914066794198842403e-01,1.324446460142775228e+00,0.000000000000000000e+00,6.702799121042411767e-02,2.237296767293872612e-01
0.000000000000000000e+00,5.004082119066992629e-01,1.510866034453802742e+00,0.000000000000000000e+00,1.097629139395640829e-01,2.512861091397045055e-01
0.000000000000000000e+00,7.070879759186035063e-01,1.698184017087505993e+00,0.000000000000000000e+00,1.521604180611612067e-01,2.789382099222673661e-01
0.000000000000000000e+00,9.114443140968007118e-01,1.887435276442532395e+00,0.000000000000000000e+00,1.942470222758311826e-01,3.068873674950067798e-01
0.000000000000000000e+00,1.113487359873681859e+00,2.078868030645351084e+00,0.000000000000000000e+00,2.360568534627740522e-01,3.352025654391406206e-01
0.000000000000000000e+00,1.313202394232056980e+00,2.272701386586963856e+00,0.000000000000000000e+00,2.776187152684477244e-01,3.639486543664580687e-01
0.000000000000000000e+00,1.510541375390422214e+00,2.469402399738799048e+00,0.000000000000000000e+00,3.189521219446160849e-01,3.932323469546863404e-01
0.000000000000000000e+00,1.705439522191743995e+00,2.669073635876816564e+00,0.000000000000000000e+00,3.600752783416659719e-01,4.230991160960416164e-01
0.000000000000000000e+00,1.897809877877389306e+00,2.871606320950479407e+00,0.000000000000000000e+00,4.010026376439887463e-01,4.535585940344477041e-01
0.000000000000000000e+00,2.087529212264810141e+00,3.077181409048080685e+00,0.000000000000000000e+00,4.417381168448533679e-01,4.846682588587123974e-01
0.000000000000000000e+00,2.274412623895892605e+00,3.286880070224108330e+00,0.000000000000000000e+00,4.822657619444900012e-01,5.166371814348967861e-01
0.000000000000000000e+00,2.458312816381072352e+00,3.499737509549734060e+00,0.000000000000000000e+00,5.225915368590827725e-01,5.493304644423199212e-01
0.000000000000000000e+00,2.639012345360842282e+00,3.715973320353571641e+00,0.000000000000000000e+00,5.626971946982834982e-01,5.828125039805078789e-01
0.000000000000000000e+00,2.816222702522547028e+00,3.936615685269248210e+00,0.000000000000000000e+00,6.025434457875824545e-01,6.172829678520317387e-01
0.000000000000000000e+00,2.988153415897011111e+00,4.188863314283872263e+00,0.000000000000000000e+00,6.416124950346437927e-01,6.573749432455906483e-01
0.000000000000000000e+00,3.153516329252403771e+00,4.478605688331753321e+00,0.000000000000000000e+00,6.796527003032165615e-01,7.041924342882982524e-01
0.000000000000000000e+00,3.311469288025057800e+00,4.799227110821123965e+00,0.000000000000000000e+00,7.165864931331046295e-01,7.567983213182012392e-01
0.000000000000000000e+00,3.460851911121015423e+00,5.148655808426000569e+00,0.000000000000000000e+00,7.522294087951462149e-01,8.150295077982164793e-01
0.000000000000000000e+00,3.600295588017456971e+00,5.526694529630101549e+00,0.000000000000000000e+00,7.863313960956536119e-01,8.790160773127921878e-01
0.000000000000000000e+00,3.728558800077028224e+00,5.930779843360066472e+00,0.000000000000000000e+00,8.186721858794063778e-01,9.484688655265554047e-01
0.000000000000000000e+00,3.844357040469921216e+00,6.358670865649949988e+00,0.000000000000000000e+00,8.490092679956001698e-01,1.023133689048446149e+00
0.000000000000000000e+00,3.947039699274016211e+00,6.802765602938310785e+00,0.000000000000000000e+00,8.772457442051109222e-01,1.101830489737585905e+00
0.000000000000000000e+00,4.035848464106882361e+00,7.258356413419123854e+00,0.000000000000000000e+00,9.032314981822338051e-01,1.183834758551426170e+00
0.000000000000000000e+00,4.110251945517375383e+00,7.720387730590951847e+00,0.000000000000000000e+00,9.268522756659077766e-01,1.268327686011414102e+00
0.000000000000000000e+00,4.169577375908360750e+00,8.186110930703620170e+00,0.000000000000000000e+00,9.479442283309177375e-01,1.354848690034911929e+00
0.000000000000000000e+00,4.214494011865300038e+00,8.645556241449531498e+00,0.000000000000000000e+00,9.666378301678629770e-01,1.441698008685199150e+00
0.000000000000000000e+00,4.245345269037399838e+00,9.093541679646955700e+00,0.000000000000000000e+00,9.829632805722899880e-01,1.527948816496637496e+00
0.000000000000000000e+00,4.262789272098491899e+00,9.524990931553992013e+00,0.000000000000000000e+00,9.970071992989222309e-01,1.612656815794404785e+00
0.000000000000000000e+00,4.265261786514670028e+00,9.946592492669083185e+00,0.000000000000000000e+00,1.008366159646887583e+00,1.696829978880443957e+00
0.000000000000000000e+00,4.255238761432754480e+00,1.034579471591173316e+01,0.000000000000000000e+00,1.017515442682256799e+00,1.778245478280694236e+00
0.000000000000000000e+00,4.235865600696491207e+00,1.071098429667407181e+01,0.000000000000000000e+00,1.025041144536434912e+00,1.854825220774622085e+00
0.000000000000000000e+00,4.200374256765424974e+00,1.107035148118193391e+01,0.000000000000000000e+00,1.029447123485566662e+00,1.931131212118169183e+00
0.000000000000000000e+00,4.158280305664407983e+00,1.138873776355244161e+01,0.000000000000000000e+00,1.032657240082216266e+00,2.001120533703122817e+00
0.000000000000000000e+00,4.099955252488056701e+00,1.170125849405627605e+01,0.000000000000000000e+00,1.032612798306155932e+00,2.070534591693259152e+00
0.000000000000000000e+00,4.037671470097863313e+00,1.196883132151223883e+01,0.000000000000000000e+00,1.031764462263698556e+00,2.132674580288987265e+00
0.000000000000000000e+00,3.956440386649912266e+00,1.223806282666962630e+01,0.000000000000000000e+00,1.027016332785566144e+00,2.195210336636435500e+00
0.000000000000000000e+00,3.868061587058947648e+00,1.247417982671037606e+01,0.000000000000000000e+00,1.020704314708261062e+00,2.252185583818905990e+00
0.000000000000000000e+00,3.773861629717078170e+00,1.267648855709380662e+01,0.000000000000000000e+00,1.013016544246688744e+00,2.303381445865598565e+00
0.000000000000000000e+00,3.658051161403754747e+00,1.288364077048599654e+01,0.000000000000000000e+00,1.000802153469035893e+00,2.355135065117639037e+00
0.000000000000000000e+00,3.532577917840577619e+00,1.306541789601538106e+01,0.000000000000000000e+00,9.863895259710953045e-01,2.402290965874401607e+00
0.000000000000000000e+00,3.399713541746781864e+00,1.321818844443446572e+01,0.000000000000000000e+00,9.701596997379953180e-01,2.444184240257755825e+00
0.000000000000000000e+00,3.258287368456229238e+00,1.334596138246531716e+01,0.000000000000000000e+00,9.518446320464730714e-01,2.481384110250253627e+00
0.000000000000000000e+00,3.095239996101526891e+00,1.347285618204762869e+01,0.000000000000000000e+00,9.289157088813325691e-01,2.517833202580015861e+00
0.000000000000000000e+00,2.916011062505105222e+00,1.358637438172076628e+01,0.000000000000000000e+00,9.024121134881578632e-01,2.551381053059863735e+00
0.000000000000000000e+00,2.728103053261323296e+00,1.367360741514253775e+01,0.000000000000000000e+00,8.737263422190164608e-01,2.579844075537183201e+00
0.000000000000000000e+00,2.530889075338057292e+00,1.373678673624660895e+01,0.000000000000000000e+00,8.427040551996112239e-01,2.603549223783206301e+00
0.000000000000000000e+00,2.323534229745123803e+00,1.377813301165735638e+01,0.000000000000000000e+00,8.091784940621536970e-01,2.622797673804805108e+00
0.000000000000000000e+00,2.104680258042211261e+00,1.380016243328869230e+01,0.000000000000000000e+00,7.728976300247797360e-01,2.637948267087481646e+00
0.000000000000000000e+00,1.873639461561282582e+00,1.380406950374779385e+01,0.000000000000000000e+00,7.337412996662365794e-01,2.649155405406462549e+00
0.000000000000000000e+00,1.618196331458659154e+00,1.380396878315048603e+01,0.000000000000000000e+00,6.894307801499292010e-01,2.658764922737348435e+00
0.000000000000000000e+00,1.350746578226563077e+00,1.378400609015472256e+01,0.000000000000000000e+00,6.422864853157111975e-01,2.664113956133105532e+00
0.000000000000000000e+00,1.076118612671783215e+00,1.373977406749124874e+01,0.000000000000000000e+00,5.931877789334581985e-01,2.664474705539042532e+00
0.000000000000000000e+00,7.940574385699934457e-01,1.367299843552475913e+01,0.000000000000000000e+00,5.420906685992519236e-01,2.660121491181126174e+00
0.000000000000000000e+00,5.047334981994548997e-01,1.358485517252254304e+01,0.000000000000000000e+00,4.890525682945193742e-01,2.651227088799724463e+00
0.000000000000000000e+00,2.081197383464896689e-01,1.347661251753638290e+01,0.000000000000000000e+00,4.341029716503341240e-01,2.637987798214915802e+00
9.570374591077880633e-02,0.000000000000000000e+00,1.344504453324578463e+01,0.000000000000000000e+00,3.772941530335323090e-01,2.620578196812257232e+00
4.064277655144059032e-01,0.000000000000000000e+00,1.361029367080284302e+01,0.000000000000000000e+00,3.187204543648083921e-01,2.599143047864463707e+00
7.234809356543926429e-01,0.000000000000000000e+00,1.376429660950349465e+01,0.000000000000000000e+00,2.585231444151443458e-01,2.573803131956846624e+00
1.046050144820797501e+00,0.000000000000000000e+00,1.390674916968110075e+01,0.000000000000000000e+00,1.968866000744431966e-01,2.544666332743167558e+00
1.373130427030542444e+00,0.000000000000000000e+00,1.403711668785325806e+01,0.000000000000000000e+00,1.340296366346591384e-01,2.511839232522325105e+00
1.703583960779753381e+00,0.000000000000000000e+00,1.415475679359889938e+01,0.000000000000000000e+00,7.019528609920283602e-02,2.475436471905975377e+00
2.036196045397937304e+00,0.000000000000000000e+00,1.425901758863946966e+01,0.000000000000000000e+00,5.641003194142422961e-03,2.435586973953816070e+00
2.369721489953719562e+00,0.000000000000000000e+00,1.434930591894152307e+01,5.936960410282753758e-02,0.000000000000000000e+00,2.451806714274756605e+00
2.702919431227960079e+00,0.000000000000000000e+00,1.442512819341163954e+01,1.245731659835552091e-01,0.000000000000000000e+00,2.470724573749118136e+00
3.034577350257538164e+00,0.000000000000000000e+00,1.448610963866053503e+01,1.897111597671406191e-01,0.000000000000000000e+00,2.486622698425092093e+00
3.363526483178198134e+00,0.000000000000000000e+00,1.453199872051000519e+01,2.545330709435835170e-01,0.000000000000000000e+00,2.499447342588933640e+00
3.688651205753134210e+00,0.000000000000000000e+00,1.456266270765375204e+01,3.187985110315120219e-01,0.000000000000000000e+00,2.509167425744704083e+00
4.008894692807474236e+00,0.000000000000000000e+00,1.457807887544927894e+01,3.822786583425996643e-01,0.000000000000000000e+00,2.515773259766459713e+00
4.323262688132960108e+00,0.000000000000000000e+00,1.457832442796292938e+01,4.447573192423930344e-01,0.000000000000000000e+00,2.519274952389282340e+00
4.630826446545999175e+00,0.000000000000000000e+00,1.456356668907461760e+01,5.060317824600965020e-01,0.000000000000000000e+00,2.519700754572355539e+00
4.930726469334206996e+00,0.000000000000000000e+00,1.453405554489542517e+01,5.659137527996271899e-01,0.000000000000000000e+00,2.517095713003248303e+00
5.222177401937027064e+00,0.000000000000000000e+00,1.449011826208366749e+01,6.242304322170937336e-01,0.000000000000000000e+00,2.511520668986269023e+00
5.504482353108544501e+00,0.000000000000000000e+00,1.443216623911072460e+01,6.808272502801153703e-01,0.000000000000000000e+00,2.503053319008729627e+00
5.777085347421142103e+00,0.000000000000000000e+00,1.436074574598285203e+01,7.355774458171679964e-01,0.000000000000000000e+00,2.491797039560108118e+00
6.039767166793028608e+00,0.000000000000000000e+00,1.427674794194645891e+01,7.884175399230840542e-01,0.000000000000000000e+00,2.477917935427955687e+00
6.289995532167188763e+00,0.000000000000000000e+00,1.417837284349217519e+01,8.388696893026091894e-01,0.000000000000000000e+00,2.461108241373821670e+00
6.535584048557093517e+00,0.000000000000000000e+00,1.407546705835738088e+01,8.883218556661099941e-01,0.000000000000000000e+00,2.443117857097407253e+00
6.787272993266023846e+00,0.000000000000000000e+00,1.398030232679038853e+01,9.386939303948027558e-01,0.000000000000000000e+00,2.426130120179768035e+00
7.023363169803795714e+00,0.000000000000000000e+00,1.386935969149408621e+01,9.860962613822188416e-01,0.000000000000000000e+00,2.406038247792878337e+00
7.243962470661941211e+00,0.000000000000000000e+00,1.374392432040052903e+01,1.030568202227262864e+00,0.000000000000000000e+00,2.383114616027450339e+00
7.447651095757017892e+00,0.000000000000000000e+00,1.360359646828616498e+01,1.071842832599895878e+00,0.000000000000000000e+00,2.357296151402723972e+00
7.634971704007812221e+00,0.000000000000000000e+00,1.345000030747078235e+01,1.109994392884605441e+00,0.000000000000000000e+00,2.328864111002102000e+00
7.806994765717768736e+00,0.000000000000000000e+00,1.328516085348485021e+01,1.145188582605491945e+00,0.000000000000000000e+00,2.298167097432215922e+00
7.964297193026598443e+00,0.000000000000000000e+00,1.311045582590666569e+01,1.177506156879904786e+00,0.000000000000000000e+00,2.265443278970919572e+00
8.116969422970639059e+00,0.000000000000000000e+00,1.293645463002244078e+01,1.208734965719166610e+00,0.000000000000000000e+00,2.232550812968449261e+00
8.282833553012546091e+00,0.000000000000000000e+00,1.278047057595092006e+01,1.242055908899032612e+00,0.000000000000000000e+00,2.202541813910465773e+00
8.430985766259176728e+00,0.000000000000000000e+00,1.261239292394575351e+01,1.271987315785121364e+00,0.000000000000000000e+00,2.170182305075507578e+00
8.559799314716016738e+00,0.000000000000000000e+00,1.243143842699957347e+01,1.298285682634965132e+00,0.000000000000000000e+00,2.135391308671144017e+00
8.670244877907608227e+00,0.000000000000000000e+00,1.223926782199343322e+01,1.321122950896293169e+00,0.000000000000000000e+00,2.098465655224106108e+00
8.768761905195674444e+00,0.000000000000000000e+00,1.204241828158437322e+01,1.341625257999750742e+00,0.000000000000000000e+00,2.060535966742420122e+00
8.885418107759162964e+00,0.000000000000000000e+00,1.186833708691880140e+01,1.365118795332705748e+00,0.000000000000000000e+00,2.026384810392615865e+00
8.982154345809727047e+00,0.000000000000000000e+00,1.168220876932228514e+01,1.384865472305143230e+00,0.000000000000000000e+00,1.989959063512359183e+00
9.057383820959703513e+00,0.000000000000000000e+00,1.148323599324887745e+01,1.400631537446971109e+00,0.000000000000000000e+00,1.951168150917210964e+00
9.137266056384779844e+00,0.000000000000000000e+00,1.129481019434378020e+01,1.417046052595625660e+00,0.000000000000000000e+00,1.914079568363560080e+00
9.216000974238697907e+00,0.000000000000000000e+00,1.111157969953045033e+01,1.433076649995970842e+00,0.000000000000000000e+00,1.877755605394866745e+00
9.272969675394099554e+00,0.000000000000000000e+00,1.091582990165259659e+01,1.445109618711373889e+00,0.000000000000000000e+00,1.839147046609977076e+00
9.353477366861561393e+00,0.000000000000000000e+00,1.074628046168652240e+01,1.461161628263486056e+00,0.000000000000000000e+00,1.804982111428991898e+00
9.447868858907019884e+00,0.000000000000000000e+00,1.059395421179278252e+01,1.479544101481148122e+00,0.000000000000000000e+00,1.773711266691677224e+00
