0.000000000000000000e+00,1.745329251994329457e-08,0.000000000000000000e+00,0.000000000000000000e+00,0.000000000000000000e+00,0.000000000000000000e+00,0.000000000000000000e+00,0.000000000000000000e+00
-1.924783800244502947e-16,-2.086311113099618628e-02,0.000000000000000000e+00,2.242451070604114804e-01,-7.088837898439172252e-15,-4.444523464125111345e-01,0.000000000000000000e+00,4.712264070540148175e+00
-9.016310384011723064e-03,-3.120856444282833070e-02,-1.580535505333154414e-02,4.328346612967438056e-01,-2.573344171648667689e-01,-1.776038265159730622e-01,-3.592186393349706686e-01,4.039954246897518253e+00
-2.328119235484020499e-02,-3.282027999414260933e-02,-3.101549373007302796e-02,6.104443880146921408e-01,-2.847052471231868997e-01,-1.004025290546711746e-02,-3.026111921462081300e-01,3.441994271098142821e+00
-3.571978191099349498e-02,-2.778123062389558154e-02,-4.770754257139595000e-02,7.601552239690804180e-01,-2.413085598352179839e-01,1.184506145002728883e-01,-3.343730448663284616e-01,2.902608575282645376e+00
-4.557703147478127381e-02,-1.731253102306921574e-02,-6.769755143920025420e-02,8.855661323528607465e-01,-1.863583597354329657e-01,2.234987072167042288e-01,-4.015622137709663475e-01,2.433437092490668086e+00
-5.344896636873425200e-02,-2.218870203392939167e-03,-9.129352155337916441e-02,9.903520639673172310e-01,-1.421855527214885562e-01,3.132319383991832296e-01,-4.742599924144957901e-01,2.035280032421906693e+00
-5.999439990636958042e-02,1.690051176121456361e-02,-1.178785069806462388e-01,1.078244077625645447e+00,-1.187437072527867676e-01,3.915605284472127856e-01,-5.347730851185567014e-01,1.709552753606308428e+00
-6.507568396216568962e-02,3.953072438823833357e-02,-1.465847496807830830e-01,1.152918411374914909e+00,-1.062885073095865829e-01,4.600306881098000233e-01,-5.763973646493699698e-01,1.455277575228302922e+00
-6.989413777150289830e-02,5.760416301544216133e-02,-1.751860622180986538e-01,1.216442530754638929e+00,-1.038400715535705426e-01,3.620097185396522477e-01,-5.719612313627409073e-01,1.239382702509781886e+00
-7.425323924267905606e-02,6.653703559400360457e-02,-2.011068551328790144e-01,1.270616475702933457e+00,-9.302397015874447339e-02,1.753720713554529909e-01,-5.163952928710343615e-01,1.057733011523843469e+00
-7.820170447306008799e-02,6.828391193383244462e-02,-2.248042611484883380e-01,1.317712252853385779e+00,-8.407021144020040970e-02,3.269107705598697788e-02,-4.723601986555669985e-01,9.207386014289240528e-01
-8.181295762362819635e-02,6.644434761791687127e-02,-2.465875342328558428e-01,1.359479382250414758e+00,-7.705781666245274664e-02,-3.683165323304748995e-02,-4.343501022143710366e-01,8.174908273546847015e-01
-8.517095729229119672e-02,6.329210686276603992e-02,-2.667334868961670491e-01,1.397062653632371365e+00,-7.197207379946461703e-02,-6.180967460302007332e-02,-4.018394866899711593e-01,7.362564064398596786e-01
-8.833528529561614218e-02,6.000551751522254645e-02,-2.854847009506933930e-01,1.431203177144980909e+00,-6.815236390525396259e-02,-6.393292430336240673e-02,-3.741389388041362341e-01,6.692620292727698983e-01
-9.135064495959532849e-02,5.715626351471891908e-02,-3.030503422573711525e-01,1.462416455831556661e+00,-6.523523765471256342e-02,-5.500112201270781348e-02,-3.505852630955751392e-01,6.122126395889589956e-01
-9.424913522849737157e-02,5.500036247036269726e-02,-3.196051539162335642e-01,1.491091519064374538e+00,-6.292474031172030913e-02,-4.113629374306805586e-02,-3.304935287828950075e-01,5.626984520477604779e-01
-9.705250330553827354e-02,5.363233477380234537e-02,-3.352907403516351414e-01,1.517542314331767894e+00,-6.099290962249964698e-02,-2.546837273962210615e-02,-3.132045235881297240e-01,5.192841421266393143e-01
-9.977634799006913913e-02,5.306546021893865372e-02,-3.502185025683473008e-01,1.542034168007499151e+00,-5.931454431501857055e-02,-9.571028649898331853e-03,-2.981176117494414579e-01,4.810358611769590675e-01
-1.024300143673970848e-01,5.327320329499361795e-02,-3.644733625177906666e-01,1.564798127784312376e+00,-5.776527537043361221e-02,5.784974415734167597e-03,-2.847073052450787012e-01,4.472929349499330520e-01
-1.050191600972611161e-01,5.421068234489475474e-02,-3.781175109685397384e-01,1.586038406990632588e+00,-5.628366663527079733e-02,2.024522084000907052e-02,-2.725223861608781495e-01,4.175352928026748733e-01
-1.075464391227119870e-01,5.582538797321327101e-02,-3.911932077307717637e-01,1.605936705267634990e+00,-5.482134320234274133e-02,3.366266313008964978e-02,-2.611671256387725348e-01,3.913253563521865708e-01
-1.100119081515969349e-01,5.806199231666344523e-02,-4.037240991336805140e-01,1.624654477277911235e+00,-5.333871366346303045e-02,4.598266352661284362e-02,-2.502709428523848256e-01,3.682680981516159857e-01
-1.124128809263660878e-01,6.086253924390643000e-02,-4.157135047686179030e-01,1.642333292863114469e+00,-5.179190311869507485e-02,5.715137736825749021e-02,-2.394266827706487410e-01,3.479733459966673492e-01
-1.147396391895542656e-01,6.414909544427126187e-02,-4.271224483790294624e-01,1.659086901716463336e+00,-5.004684996855201379e-02,6.675562933456735681e-02,-2.277729471640233816e-01,3.298849874641089364e-01
-1.170572895844249339e-01,6.793175622262948021e-02,-4.381561560017868673e-01,1.675056719185129550e+00,-4.967965536586051861e-02,7.663271116648422143e-02,-2.204010710443269350e-01,3.146087597781810352e-01
-1.193630647677315360e-01,7.221853323310996331e-02,-4.488653316675721983e-01,1.690377811858633228e+00,-4.919089578662238366e-02,8.667302001257427835e-02,-2.139294173262666077e-01,3.019890084876384884e-01
-1.216048853547257030e-01,7.689607148243766954e-02,-4.590616719641299470e-01,1.705097787312260804e+00,-4.766024753367114480e-02,9.436593987722091681e-02,-2.035209088165613467e-01,2.902104999067940949e-01
-1.237782886655338227e-01,8.192091691000899512e-02,-4.687410291571766363e-01,1.719297308765100007e+00,-4.608305717518970668e-02,1.012470020916182850e-01,-1.931713948907806400e-01,2.800570242762283613e-01
-1.258800860041564551e-01,8.726076225773908568e-02,-4.779044425664867313e-01,1.733050389485736975e+00,-4.446029202777625894e-02,1.074927394337708425e-01,-1.828425364551470034e-01,2.713511442783980709e-01
-1.279066679515376836e-01,9.288527684958927666e-02,-4.865504643533848927e-01,1.746421660269754428e+00,-4.278305364440122133e-02,1.131370787224340868e-01,-1.724839726733337630e-01,2.639082654746806034e-01
-1.298541045191695387e-01,9.876560375998082175e-02,-4.946759360220491786e-01,1.759467334507518022e+00,-4.104373775389933560e-02,1.182087958208577483e-01,-1.620620187073836538e-01,2.575637728972644536e-01
-1.317182425474295870e-01,1.048744902403531826e-01,-5.022766845205395292e-01,1.772236173804778270e+00,-3.923646689642857482e-02,1.227396271081007684e-01,-1.515568147541497823e-01,2.521719515457925831e-01
-1.334947908756943802e-01,1.111863386864996306e-01,-5.093480636504270631e-01,1.784770327625627928e+00,-3.735700150770512873e-02,1.267623165778692385e-01,-1.409592172367877261e-01,2.476034653006759789e-01
-1.351793948493496267e-01,1.176771794758673245e-01,-5.158853649700179123e-01,1.797106065379712625e+00,-3.540261295153081939e-02,1.303090595252859585e-01,-1.302682106136151541e-01,2.437432660113279248e-01
-1.367677021958776662e-01,1.243246030658582968e-01,-5.218841237147374690e-01,1.809274421311025005e+00,-3.337196681922479508e-02,1.334107081858575683e-01,-1.194888278626832917e-01,2.404889001829897677e-01
-1.382554216121663071e-01,1.311076744580626230e-01,-5.273403415410864437e-01,1.821301766524559884e+00,-3.126500950480787244e-02,1.360964295185247974e-01,-1.086305030090383011e-01,2.377490917335685905e-01
-1.396383748933113789e-01,1.380068422833496400e-01,-5.322506439176700743e-01,1.833210318413817985e+00,-2.908285405208669086e-02,1.383936013078120586e-01,-9.770577653726093825e-02,2.354425225575716152e-01
-1.409125430622402975e-01,1.450038486756732858e-01,-5.366123864565780499e-01,1.845018595303594244e+00,-2.682766328668811928e-02,1.403278280650842591e-01,-8.672928382712274953e-02,2.334967641322575616e-01
-1.420741067403174518e-01,1.520816428437404833e-01,-5.404237215307682307e-01,1.856741822611924775e+00,-2.450253022257104993e-02,1.419230134017853973e-01,-7.571696830443050419e-02,2.318473313136049929e-01
-1.431194808750097802e-01,1.592242995380573067e-01,-5.436836341473189060e-01,1.868392295842797868e+00,-2.211135645436045072e-02,1.432014556277802220e-01,-6.468547231724482149e-02,2.304368393290490702e-01
-1.440453438965771937e-01,1.664169427319653061e-01,-5.463919541648278866e-01,1.879979705020764058e+00,-1.965872987017494924e-02,1.441839495075372402e-01,-5.365166851023475680e-02,2.292142505213730086e-01
-1.448486601122107031e-01,1.736456754108906264e-01,-5.485493510728897126e-01,1.891511424642623229e+00,-1.714977677897054978e-02,1.448899066829438531e-01,-4.263231510355866560e-02,2.281342005102073578e-01
-1.455267027350841680e-01,1.808975095917091658e-01,-5.501573124231545764e-01,1.902992772773220764e+00,-1.459016954679026416e-02,1.453373538277508981e-01,-3.164372885413208047e-02,2.271563951580201079e-01
-1.460770609077327586e-01,1.881603085365341210e-01,-5.512181170319053747e-01,1.914427242699577425e+00,-1.198578127438557246e-02,1.455431837055611577e-01,-2.070168928620960691e-02,2.262450741300775781e-01
-1.464976509735582966e-01,1.954227273311986979e-01,-5.517347973052292298e-01,1.925816709901195134e+00,-9.342778892981334210e-03,1.455231102637155882e-01,-9.821215338266927816e-03,2.253685284329896565e-01
-1.467867197943510393e-01,2.026741581041250906e-01,-5.517110975914827353e-01,1.937161617001248448e+00,-6.667444179533132086e-03,1.452917651212362604e-01,9.835082596704215752e-04,2.244986697377758245e-01
-1.469428441490263082e-01,2.099046793853352466e-01,-5.511514297519751748e-01,1.948461139341371107e+00,-3.966091489801766568e-03,1.448627785501988285e-01,1.169918626989360777e-02,2.236106518814900135e-01
-1.469649264326626792e-01,2.171050083767900873e-01,-5.500608270384651499e-01,1.959713333143689562e+00,-1.244987120408897613e-03,1.442488357518559583e-01,2.231344613023556606e-02,2.226825302605713874e-01
-1.468521867182541463e-01,2.242664561014596769e-01,-5.484448976666934650e-01,1.970915268168166090e+00,1.489729220390930732e-03,1.434617335016572237e-01,3.281484309052854625e-02,2.216949586739197509e-01
-1.466041534281206649e-01,2.313808850047639198e-01,-5.463097783667085761e-01,1.982063146878589643e+00,4.232075463569185715e-03,1.425124280502520213e-01,4.319286061431180240e-02,2.206309259202282047e-01
-1.462206495346891622e-01,2.384406694331252796e-01,-5.436620899844221144e-01,1.993152411086600573e+00,6.976323370082776476e-03,1.414110923061988601e-01,5.343786776050087756e-02,2.194755102911756794e-01
-1.457017784210963007e-01,2.454386582575996678e-01,-5.405088942906055571e-01,2.004177838026075520e+00,9.717005680642243001e-03,1.401671575239858691e-01,6.354109587138920268e-02,2.182156736506398187e-01
-1.450479081877164012e-01,2.523681397887468925e-01,-5.368576530465667407e-01,2.015133626796463240e+00,1.244895141213311560e-02,1.387893587374821602e-01,7.349459260748447686e-02,2.168400728031634472e-01
-1.442596549390716687e-01,2.592228088588122148e-01,-5.327161895614566101e-01,2.026013476261090851e+00,1.516730846903166507e-02,1.372857775330413033e-01,8.329117200701528778e-02,2.153388924596164322e-01
-1.433378656720643574e-01,2.659967359524763042e-01,-5.280926528461958869e-01,2.036810655379160728e+00,1.786755343706344576e-02,1.356638825235660373e-01,9.292436251210774156e-02,2.137036973364160319e-01
-1.422836011054380845e-01,2.726843382993791587e-01,-5.229954844677215942e-01,2.047518066800928960e+00,2.054549446041347219e-02,1.339305681659079261e-01,1.023883529114834740e-01,2.119273004238844405e-01
-1.410981187592623420e-01,2.792803528470993446e-01,-5.174333881348833764e-01,2.058128304460026481e+00,2.319726767331709016e-02,1.320921920013923556e-01,1.116779377103794685e-01,2.100036456020695219e-01
-1.397828565877407281e-01,2.857798110390920021e-01,-5.114153019820167900e-01,2.068633705813445633e+00,2.581932732683983600e-02,1.301546104313241470e-01,1.207884632266628816e-01,2.079277029713687552e-01
-1.383394174358364426e-01,2.921780153245518985e-01,-5.049503734690453660e-01,2.079026399303146810e+00,2.840843032494370229e-02,1.281232130693224225e-01,1.297157753429807325e-01,2.056953753976210053e-01
-1.367695542401290154e-01,2.984705173298358161e-01,-4.980479368676771768e-01,2.089298347525169408e+00,3.096162244259523591e-02,1.260029557208177386e-01,1.384561678229004333e-01,2.033034145247514801e-01
-1.350744264360771441e-01,3.046532226888331585e-01,-4.907177897154419433e-01,2.099441358547375014e+00,3.349137085526342206e-02,1.238009868176646183e-01,1.470001697063182400e-01,2.007487634639656404e-01
-1.332567376468059006e-01,3.107219879944279617e-01,-4.829692928029714616e-01,2.109447213692417833e+00,3.596516650350978228e-02,1.215160093915935990e-01,1.553572468611213175e-01,1.980310158441634383e-01
-1.313186413093848093e-01,3.166729949406461575e-01,-4.748122217790304300e-01,2.119307602115684031e+00,3.839569488169445460e-02,1.191548135648253515e-01,1.635184120765220683e-01,1.951482563848021545e-01
-1.292623654480722362e-01,3.225026086204068054e-01,-4.662564809814410127e-01,2.129014182873425032e+00,4.078094317839540961e-02,1.167209401663642926e-01,1.714813572885157400e-01,1.920999521274237010e-01
-1.270902330070967645e-01,3.282073555991396607e-01,-4.573120813526116990e-01,2.138558614767045896e+00,4.311903305873752978e-02,1.142176003576988036e-01,1.792439690189635837e-01,1.888861154719366220e-01
-1.248046546829511966e-01,3.337839110828481060e-01,-4.479891301468727494e-01,2.147932581798283280e+00,4.540822693402014193e-02,1.116477522266034750e-01,1.868043395412810059e-01,1.855072608983239224e-01
-1.224081228683375766e-01,3.392290873964803333e-01,-4.382978220522253943e-01,2.157127816556524191e+00,4.764690502530063987e-02,1.090141250602562201e-01,1.941607372412967880e-01,1.819643644849930075e-01
-1.199032066818112863e-01,3.445398235464673387e-01,-4.282484316542370384e-01,2.166136121743709619e+00,4.983354402598921123e-02,1.063192408716809589e-01,2.013115798955695257e-01,1.782588274180829935e-01
-1.172925479910265217e-01,3.497131758611615182e-01,-4.178513070941055063e-01,2.174949390033655838e+00,5.196669757322021355e-02,1.035654359069198838e-01,2.082554109075974991e-01,1.743924433598157964e-01
-1.145788583275156591e-01,3.547463096978167307e-01,-4.071168647849377487e-01,2.183559622439132042e+00,5.404497873059434243e-02,1.007548819259780348e-01,2.149908782540433105e-01,1.703673692021561437e-01
-1.117649165806533507e-01,3.596364921915793378e-01,-3.960555850609009942e-01,2.191958945338751796e+00,5.606704469402214175e-02,9.788960699078920469e-02,2.215167159296946020e-01,1.661860987895163178e-01
-1.088535673536830117e-01,3.643810860136948993e-01,-3.846780086421040523e-01,2.200139626297815898e+00,5.803158381688871409e-02,9.497151559755004357e-02,2.278317277286413811e-01,1.618514392607480756e-01
-1.058477198563434613e-01,3.689775441003146916e-01,-3.729947338080640828e-01,2.208094088801748178e+00,5.993730512820064776e-02,9.200240803774105414e-02,2.339347731600198987e-01,1.573664897075872371e-01
-1.027503472148564995e-01,3.734234053100674577e-01,-3.610164141774914737e-01,2.215814926007213526e+00,6.178293021161174875e-02,8.898399892444561199e-02,2.398247554046898933e-01,1.527346218847602244e-01
-9.956448607304563270e-02,3.777162909647704958e-01,-3.487537570026635336e-01,2.223294913603660383e+00,6.356718759830590204e-02,8.591793480693113438e-02,2.455006110974463918e-01,1.479594627299242737e-01
-9.629323636053237212e-02,3.818539022252968596e-01,-3.362175218939014165e-01,2.230527021866916204e+00,6.528880962535302257e-02,8.280581082674923210e-02,2.509613017925771405e-01,1.430448784758899805e-01
-9.293976111165498655e-02,3.858340182514099492e-01,-3.234185198953113405e-01,2.237504426976379523e+00,6.694653160376252965e-02,7.964918634992591839e-02,2.562058070009430866e-01,1.379949601577976082e-01
-8.950728621802839235e-02,3.896544950918865435e-01,-3.103676128421031799e-01,2.244220521657977585e+00,6.853909331896190782e-02,7.644959952550409166e-02,2.612331186127534455e-01,1.328140103313362741e-01
-8.599909999704780095e-02,3.933132652481062808e-01,-2.970757129388107987e-01,2.250668925206010140e+00,7.006524287715075461e-02,7.320858070656172112e-02,2.660422365260663446e-01,1.275065308242250839e-01
-8.241855247971761889e-02,3.968083378512339832e-01,-2.835537824994929790e-01,2.256843492929735628e+00,7.152374246106499300e-02,6.992766467226574356e-02,2.706321654515396191e-01,1.220772113797319036e-01
-7.876905434717698662e-02,4.001377993892500373e-01,-2.698128337914184049e-01,2.262738325065716705e+00,7.291337547341686376e-02,6.660840157253385130e-02,2.750019128857799644e-01,1.165309190998130434e-01
-7.505407527539492696e-02,4.032998149200335836e-01,-2.558639289906819436e-01,2.268347775174469838e+00,7.423295861278919605e-02,6.325236659740032796e-02,2.791504868629120506e-01,1.108726882251235835e-01
-7.127714179772147440e-02,4.062926296988778607e-01,-2.417181801493183124e-01,2.273666458065367824e+00,7.548135148597454047e-02,5.986116820643508363e-02,2.830768958003395119e-01,1.051077108059771531e-01
-6.744183448630339250e-02,4.091145711496709803e-01,-2.273867491864368373e-01,2.278689257257811906e+00,7.665747043574158703e-02,5.643645494466866669e-02,2.867801480022186267e-01,9.924132748738605236e-02
-6.355178439313026451e-02,4.117640511052563235e-01,-2.128808478785488290e-01,2.283411331995479632e+00,7.776030343723334959e-02,5.297992076426049496e-02,2.902592516912561038e-01,9.327901863229687285e-02
-5.961066868265577079e-02,4.142395682404971802e-01,-1.982117378365349514e-01,2.287828123824050763e+00,7.878892636332428256e-02,4.949330881442580432e-02,2.935132152801199767e-01,8.722639563837150667e-02
-5.562220539402571579e-02,4.165397106198325816e-01,-1.833907304637652780e-01,2.291935362738465543e+00,7.974252048192480291e-02,4.597841366461207641e-02,2.965410477469754280e-01,8.108919236575307110e-02
-5.159014727558691032e-02,4.186631582804335450e-01,-1.684291868975619222e-01,2.295729072902601864e+00,8.062039109435194251e-02,4.243708194801776301e-02,2.993417589610303242e-01,7.487325661432976676e-02
-4.751827463241831834e-02,4.206086857717561411e-01,-1.533385179463135628e-01,2.299205577941080048e+00,8.142198735847909485e-02,3.887121141931168533e-02,3.019143597539886703e-01,6.858454158794363709e-02
-4.341038718938235869e-02,4.223751645716582459e-01,-1.381301840194448238e-01,2.302361505801957531e+00,8.214692201417536643e-02,3.528274841356311003e-02,3.042578620590786764e-01,6.222909732933621513e-02
-3.927029505716491536e-02,4.239615653033115827e-01,-1.228156950263051550e-01,2.305193793191858909e+00,8.279498929640285998e-02,3.167368379107430437e-02,3.063712795444938353e-01,5.581306218484979181e-02
-3.510182061102140594e-02,4.253669595617842192e-01,-1.074066058580922106e-01,2.307699689878291327e+00,8.336593794192725948e-02,2.804604496300655558e-02,3.082537193135293507e-01,4.934266040145388055e-02
-3.090873888524360916e-02,4.265905220612507542e-01,-9.191453449140206400e-02,2.309876761100676301e+00,8.386075504911433276e-02,2.440190288302056254e-02,3.099039085734168752e-01,4.282416278554360134e-02
-2.669483787283210424e-02,4.276315308791476255e-01,-7.635113488968761630e-02,2.311722892386655293e+00,8.427913116413054961e-02,2.074333210607592209e-02,3.113211515501707050e-01,3.626393875388337490e-02
-2.246497237031714125e-02,4.284893706590859885e-01,-6.072768119637985546e-02,2.313236261577901853e+00,8.459894506869387876e-02,1.707247407511424536e-02,3.125133646217791994e-01,2.966776908445022815e-02
-1.822393159499866716e-02,4.291635061825197495e-01,-4.505553033454380574e-02,2.314415415069849935e+00,8.482237693230021414e-02,1.339091818076785373e-02,3.134785283369943554e-01,2.304305850345621937e-02
-1.397329470242740859e-02,4.296535891910241434e-01,-2.934727144414285213e-02,2.315259231376606497e+00,8.501592855268029492e-02,9.702492819008198127e-03,3.141911312684464441e-01,1.639636283592949342e-02
-9.716488236085596072e-03,4.299593079369677384e-01,-1.361479350214506862e-02,2.315766893410765803e+00,8.513880534905703124e-02,6.007822501616452704e-03,3.146666930396376793e-01,9.733710026993028924e-03
-5.456958922636201414e-03,4.300804602521491327e-01,2.129991794477471140e-03,2.315937913093021994e+00,8.519210299503825190e-02,2.309164363620781757e-03,3.149041488115282839e-01,3.061663905614984971e-03
-1.198032113325595352e-03,4.300169443621988385e-01,1.787511660506305514e-02,2.315772130307567345e+00,8.517829668485597805e-02,-1.391474188927594238e-03,3.149023735244090294e-01,-3.613258682638426957e-03
3.057106852516938526e-03,4.297687546865393005e-01,3.360855651570471281e-02,2.315269712462652230e+00,8.510019766207725656e-02,-5.092163678769207752e-03,3.146602356515719734e-01,-1.028454796492578663e-02
7.305428651190320512e-03,4.293359783741070856e-01,4.931822978990883788e-02,2.314431153805327490e+00,8.496093718528008321e-02,-8.791043566851475602e-03,3.141765880014283918e-01,-1.694570816263103741e-02
1.154407354785523879e-02,4.287187916877152061e-01,6.499199736241667580e-02,2.313257274745214254e+00,8.476391672400750144e-02,-1.248632576641086310e-02,3.134502834831167650e-01,-2.359025699045922200e-02
1.577037594558794442e-02,4.279174547752859215e-01,8.061765895612461874e-02,2.311749219231349350e+00,8.451303750609992504e-02,-1.617632794599763515e-02,3.124800939732946814e-01,-3.021176635115403047e-02
1.998353505679111020e-02,4.269322287760708434e-01,9.618230269846304858e-02,2.309908471588393741e+00,8.424683800348392593e-02,-1.986108319541980693e-02,3.112512882528152280e-01,-3.680345436957487698e-02
2.420484369402628108e-02,4.257622898633549591e-01,1.116643573116118948e-01,2.307737148508775871e+00,8.442218399764932213e-02,-2.356308371269149465e-02,3.095846070888866874e-01,-4.335247075340240702e-02
2.845016905007553831e-02,4.244067458097526835e-01,1.270445732586960585e-01,2.305237671887620188e+00,8.490955867579061400e-02,-2.728288326342818634e-02,3.075351219301394323e-01,-4.985314207688536225e-02
3.270180913326301009e-02,4.228665825829142078e-01,1.423168863438512843e-01,2.302412330847137145e+00,8.501744473806563396e-02,-3.098149938400723141e-02,3.053745403936647951e-01,-5.630851881792565961e-02
3.695442460548741676e-02,4.211423537311750342e-01,1.574700602910315550e-01,2.299264095146501319e+00,8.502799891014165001e-02,-3.466937704064656373e-02,3.029850507359541645e-01,-6.270417357510804646e-02
4.120429747789559199e-02,4.192344828736172535e-01,1.724922793522572217e-01,2.295796408662340582e+00,8.496436938232584946e-02,-3.834879357028860014e-02,3.003591176909188865e-01,-6.903097464724217147e-02
4.544808868118210832e-02,4.171433485993495394e-01,1.873713476858672455e-01,2.292013240939079655e+00,8.483356752334732243e-02,-4.202058770089171086e-02,2.974891436347223417e-01,-7.527842922156688377e-02
4.968240674536563567e-02,4.148691962421352519e-01,2.020942248248823458e-01,2.287919130885275099e+00,8.463426360181490471e-02,-4.568747821558380440e-02,2.943578957897740600e-01,-8.143520184852558186e-02
5.390306948514041185e-02,4.124117910451085001e-01,2.166452887101111280e-01,2.283519127172482843e+00,8.435014282021999210e-02,-4.935930160862527644e-02,2.909124831661705768e-01,-8.749124342148263678e-02
5.810557900034016982e-02,4.097689973825683896e-01,2.309995046380342865e-01,2.278818195226158139e+00,8.397536775005105814e-02,-5.307507866597950541e-02,2.869596660597623083e-01,-9.344879838009155504e-02
6.226949705703101190e-02,4.069321841878203450e-01,2.451059786458335832e-01,2.273818753223939115e+00,8.317980524372509121e-02,-5.696797023691895639e-02,2.819705444137892147e-01,-9.936079747975970489e-02
6.631903908045384821e-02,4.038540051458910374e-01,2.587933841116326628e-01,2.268505831493388580e+00,8.082920142437682864e-02,-6.183540358432994266e-02,2.734677929191898227e-01,-1.055865621920713537e-01
7.080190888261342352e-02,4.005548198823927764e-01,2.721286642905834108e-01,2.262866423957497819e+00,8.989106819450989883e-02,-6.624561816397295244e-02,2.664748053469015998e-01,-1.120706768763345407e-01
7.580754738286331340e-02,3.971675520675369553e-01,2.855393864829639528e-01,2.256970015114331041e+00,1.003792393733279054e-01,-6.791874051033644499e-02,2.682986875660715587e-01,-1.170917160138923024e-01
8.081312154928621538e-02,3.936110739035922346e-01,2.986814877917394750e-01,2.250789209948204306e+00,9.998440941638495061e-02,-7.137093826408290320e-02,2.626702294086185052e-01,-1.227524661911712639e-01
8.578295504807770255e-02,3.898698889614751195e-01,3.115292581774493641e-01,2.244326590379475128e+00,9.924569294428518818e-02,-7.508028070599470638e-02,2.567769703934094094e-01,-1.283300293228529787e-01
9.072140785197982393e-02,3.859472799771281326e-01,3.240841589306028281e-01,2.237590016078087274e+00,9.860921706501529771e-02,-7.871208471588067579e-02,2.509237355726212648e-01,-1.337484634607093992e-01
9.563224492179910052e-02,3.818476303312331455e-01,3.363443496302184754e-01,2.230587303356081019e+00,9.804664101662198539e-02,-8.225571989902111247e-02,2.450309430655574772e-01,-1.390118973597447849e-01
1.005179678996027393e-01,3.775748229354588537e-01,3.483051928140511455e-01,2.223326051618868870e+00,9.753281226788733382e-02,-8.572196227305158012e-02,2.390434987106521969e-01,-1.441245961623139615e-01
1.053801171761998140e-01,3.731323836002752858e-01,3.599601982536818068e-01,2.215813778241679355e+00,9.704871459990284388e-02,-8.911782921500020771e-02,2.329250018904966135e-01,-1.490880589081376439e-01
1.102195040794940739e-01,3.685236661101649047e-01,3.713016897419404438e-01,2.208058022755384542e+00,9.657992701244046130e-02,-9.244663640875823429e-02,2.266521905715827845e-01,-1.539017549693019460e-01
1.150363737029920785e-01,3.637519788240254348e-01,3.823212693762622627e-01,2.200066416088787946e+00,9.611524136685616060e-02,-9.570920876904207009e-02,2.202109458337415948e-01,-1.585638127929012986e-01
1.198305186217364926e-01,3.588206675029028125e-01,3.930101396837621941e-01,2.191846725202981627e+00,9.564569335351444379e-02,-9.890474410773171521e-02,2.135934912277414888e-01,-1.630714985812590223e-01
1.246013595366356058e-01,3.537331695174483204e-01,4.033593267434966712e-01,2.183406881073719052e+00,9.516391124206360908e-02,-1.020313752028637611e-01,2.067964430481254168e-01,-1.674215396661007937e-01
1.293480043449002359e-01,3.484930492646258759e-01,4.133598344225021259e-01,2.174754995332273122e+00,9.466369169479954548e-02,-1.050865389962005736e-01,1.998194537545059379e-01,-1.716103448516923535e-01
1.340692930923836623e-01,3.431040211249645200e-01,4.230027507308832813e-01,2.165899369144625553e+00,9.413972206112035390e-02,-1.080672215055129837e-01,1.926642691198875990e-01,-1.756341552294056196e-01
1.387638341678120724e-01,3.375699639190232748e-01,4.322793207180582464e-01,2.156848496711527563e+00,9.358740860531866712e-02,-1.109701251563988827e-01,1.853340691920375427e-01,-1.794891487755141124e-01
1.434300346018846095e-01,3.318949294898941860e-01,4.411809961376076394e-01,2.147611064999663366e+00,9.300276031167339919e-02,-1.137917844535751982e-01,1.778330108940511800e-01,-1.831715136804401012e-01
1.480661266811110210e-01,3.260831470861433878e-01,4.496994688383955108e-01,2.138195950800731548e+00,9.238231656364109812e-02,-1.165286488042438923e-01,1.701659074658213033e-01,-1.866775003716040493e-01
1.526701920232146625e-01,3.201390247135176281e-01,4.578266928252780477e-01,2.128612215885418379e+00,9.172309704648934359e-02,-1.191771423045325101e-01,1.623380053772522646e-01,-1.900034586108622359e-01
1.572401837807386737e-01,3.140671482449276519e-01,4.655548984475357810e-01,2.118869100759806834e+00,9.102256470384893772e-02,-1.217337079897582858e-01,1.543548293592465204e-01,-1.931458647561574149e-01
1.617739472431060921e-01,3.078722788749724826e-01,4.728766011707110084e-01,2.108976017401537728e+00,9.027859384976615054e-02,-1.241948404940622641e-01,1.462220758486172389e-01,-1.961013416453823155e-01
1.662692389490500744e-01,3.015593493467638164e-01,4.797846066666627829e-01,2.098942541239746884e+00,8.948944043914194846e-02,-1.265571102632939982e-01,1.379455406215810420e-01,-1.988666733420165200e-01
1.707237442558048046e-01,2.951334592742924090e-01,4.862720134689008100e-01,2.088778402561719538e+00,8.865371116627331072e-02,-1.288171813753053174e-01,1.295310710271948829e-01,-2.014388163193993053e-01
1.751350932484272427e-01,2.885998698162366427e-01,4.923322140887755327e-01,2.078493477485251706e+00,8.777033020247826389e-02,-1.309718242909444774e-01,1.209845358846055319e-01,-2.038149079198346980e-01
1.795008748533255261e-01,2.819639979049120004e-01,4.979588952365264776e-01,2.068097778603895875e+00,8.683850321306214870e-02,-1.330179245704987967e-01,1.123118080827087556e-01,-2.059922727097619477e-01
1.838186489783075195e-01,2.752314101895736997e-01,5.031460376167942172e-01,2.057601445379239724e+00,8.585767779692021762e-02,-1.349524884404634528e-01,1.035187564496361651e-01,-2.079684273879414957e-01
1.880859565051198889e-01,2.684078168227526651e-01,5.078879156368030223e-01,2.047014734340118824e+00,8.482750045276114814e-02,-1.367726458123981748e-01,9.461124429366976618e-02,-2.097410845103058752e-01
1.923003269560168704e-01,2.614990651906970442e-01,5.121790972692755739e-01,2.036348009133917891e+00,8.374776997290359071e-02,-1.384756513043882975e-01,8.559513271836853565e-02,-2.113081553254251566e-01
1.964592836527138120e-01,2.545111336658802403e-01,5.160144442391857433e-01,2.025611730464244253e+00,8.261838719841611833e-02,-1.400588837244986506e-01,7.647628726960087331e-02,-2.126677519325154697e-01
2.005603461809048749e-01,2.474501254396749839e-01,5.193891126464151853e-01,2.014816445940532663e+00,8.143930102640804802e-02,-1.415198444114642573e-01,6.726058678568717919e-02,-2.138181889328051311e-01
2.046010299668832022e-01,2.403222624759066839e-01,5.222985540896265544e-01,2.003972779857939202e+00,8.021045053069041086e-02,-1.428561547788389507e-01,5.795393352356460054e-02,-2.147579847159346578e-01
2.085788427612089990e-01,2.331338796107841893e-01,5.247385173180276752e-01,1.993091422922082190e+00,7.893170295412127446e-02,-1.440655533656614584e-01,4.856226379505860363e-02,-2.154858624531244549e-01
2.124912778030687288e-01,2.258914188136775525e-01,5.267050504022161572e-01,1.982183121914510737e+00,7.760278713237751813e-02,-1.451458926110137382e-01,3.909155840691722061e-02,-2.160007511833909877e-01
2.163358034415348852e-01,2.186014236094306618e-01,5.281945033836458192e-01,1.971258669315998580e+00,7.622322240774614954e-02,-1.460951356318568317e-01,2.954785227506502576e-02,-2.163017865290670361e-01
2.201098489539033976e-01,2.112705336563594216e-01,5.292035313308671718e-01,1.960328892874165563e+00,7.479224227274525183e-02,-1.469113531276020346e-01,1.993724258776782138e-02,-2.163883117047906424e-01
2.238107862969229700e-01,2.039054794670474291e-01,5.297290977003700219e-01,1.949404645109990897e+00,7.330871266340280301e-02,-1.475927205550452981e-01,1.026589491280423434e-02,-2.162598786155661146e-01
2.274359075153761511e-01,1.965130772548562832e-01,5.297684778689528695e-01,1.938496792751782882e+00,7.177104464963207642e-02,-1.481375156549238625e-01,5.400466322953521164e-04,-2.159162491804094974e-01
2.309823975281037889e-01,1.891002238869542718e-01,5.293192626738737472e-01,1.927616206082443995e+00,7.017710141391461653e-02,-1.485441163715533752e-01,-9.233992906017476215e-03,-2.153573969312344849e-01
2.344473020241141514e-01,1.816738919252904594e-01,5.283793617648987473e-01,1.916773748182773796e+00,6.852409974725162667e-02,-1.488109991515514097e-01,-1.904984616264764757e-02,-2.145835089490535919e-01
2.378257193591754304e-01,1.742415142426840813e-01,5.269474697584013434e-01,1.905979618781173501e+00,6.677165959507556925e-02,-1.489286444808548826e-01,-2.889140443462228855e-02,-2.136084519320189667e-01
2.411160152230668041e-01,1.668097858201535999e-01,5.250216766712315630e-01,1.895245275974463350e+00,6.498937779668459425e-02,-1.489127668333658228e-01,-3.877199877061561495e-02,-2.124052218927185987e-01
2.443163936429245953e-01,1.593854363430817767e-01,5.226004028084726416e-01,1.884582262772452221e+00,6.317120604621929980e-02,-1.487619627870936101e-01,-4.868414811487890848e-02,-2.109736100404470405e-01
2.474212203606008242e-01,1.519761546457888968e-01,5.196832875877448465e-01,1.874000566204523821e+00,6.123747570566652476e-02,-1.484563382028717959e-01,-5.860269330032449875e-02,-2.093461417184309115e-01
2.504261096560631561e-01,1.445892479300776301e-01,5.162698834688882465e-01,1.863510804948911526e+00,5.921736853752546104e-02,-1.480046471625875437e-01,-6.853058391802600846e-02,-2.075078252548170354e-01
2.533263047923283717e-01,1.372320358365342607e-01,5.123600435819385401e-01,1.853123565340689005e+00,5.710200541641217292e-02,-1.474062392198814964e-01,-7.846138689656113885e-02,-2.054602249724797602e-01
2.561165407844462893e-01,1.299118825424833978e-01,5.079539341465536539e-01,1.842849347269427840e+00,5.488115030195468702e-02,-1.466601988475998430e-01,-8.838883257966484441e-02,-2.032050954215037508e-01
2.587909761590775903e-01,1.226361936146979636e-01,5.030520264994564617e-01,1.832698552050815444e+00,5.254318156103459508e-02,-1.457656855779271010e-01,-9.830680764480989597e-02,-2.007444321704064671e-01
2.613431249854160088e-01,1.154124116730422395e-01,4.976550860707596446e-01,1.822681470018864491e+00,5.007509036939482294e-02,-1.447219463431884678e-01,-1.082094178653175143e-01,-1.980804755967413011e-01
2.637657925203101272e-01,1.082480128023880078e-01,4.917641581700331055e-01,1.812808268164481929e+00,4.746254536533883045e-02,-1.435282996716355230e-01,-1.180910515046145470e-01,-1.952157096106934830e-01
2.660510189311232621e-01,1.011505038903655340e-01,4.853805506343174536e-01,1.803088977888847255e+00,4.469004380759498962e-02,-1.421841172440378998e-01,-1.279464416169870666e-01,-1.921528591749239456e-01
2.681900369412636431e-01,9.412742098175398697e-02,4.785058135869293405e-01,1.793533482975995463e+00,4.174117567949029578e-02,-1.406888036782086848e-01,-1.377707232526071690e-01,-1.888948857375889745e-01
2.701713686418779070e-01,8.718633872482295377e-02,4.711418738800406958e-01,1.784151536865790977e+00,3.855938628919675093e-02,-1.390415628511802448e-01,-1.475560866821391537e-01,-1.854443502716071612e-01
2.719860226723489482e-01,8.033483554053591491e-02,4.632905652405960306e-01,1.774952674125532148e+00,3.519955137379014720e-02,-1.372423456964046995e-01,-1.573050865229318473e-01,-1.818057795132774213e-01
2.736228547761163643e-01,7.358053906850228754e-02,4.549540075852228638e-01,1.765946265191052245e+00,3.161273808428609333e-02,-1.352901129560747095e-01,-1.670112834135591418e-01,-1.779823091122091916e-01
2.750697852315526770e-01,6.693109898681470771e-02,4.461344875796919296e-01,1.757141517864533320e+00,2.778084807048916693e-02,-1.331844403014742495e-01,-1.766714975083089334e-01,-1.739772032044092642e-01
2.763145765332740145e-01,6.039422875017884385e-02,4.368344089942561848e-01,1.748547392487737273e+00,2.370028986173798244e-02,-1.309240126798099368e-01,-1.862834085527419747e-01,-1.697954828741123079e-01
2.773445978633526932e-01,5.397768034107185836e-02,4.270563065139278414e-01,1.740172667412996921e+00,1.936097630911837175e-02,-1.285080774979216467e-01,-1.958442816525645114e-01,-1.654406812177433850e-01
2.781472729870099192e-01,4.768926152304901744e-02,4.168028454606160782e-01,1.732025914098292318e+00,1.476198550296517996e-02,-1.259355020607307585e-01,-2.053514712826197963e-01,-1.609169497963439943e-01
2.787104901385554778e-01,4.153684635200079189e-02,4.060768423711313968e-01,1.724115493282542877e+00,9.909418571093286943e-03,-1.232049536095601028e-01,-2.148019052274440788e-01,-1.562284825461662252e-01
2.790230756986029625e-01,3.552838444093022602e-02,3.948813069536112330e-01,1.716449554485047768e+00,4.817443470039295059e-03,-1.203149175527135906e-01,-2.241916987512234949e-01,-1.513794839004679871e-01
2.790753268263648224e-01,2.967190924296273652e-02,3.832195078942639554e-01,1.709036037045345680e+00,-4.910746786292588886e-04,-1.172637176236677181e-01,-2.335157220390332022e-01,-1.463741409709321262e-01
2.788595675303185972e-01,2.397554423249094110e-02,3.710950652165593833e-01,1.701882672366118232e+00,-5.984516377711903909e-03,-1.140495594240640842e-01,-2.427671631686266207e-01,-1.412166039891357971e-01
2.783706360768639088e-01,1.844750584089438136e-02,3.585120718254805605e-01,1.694996986777757453e+00,-1.162311653658659044e-02,-1.106705970032525743e-01,-2.519371311789509460e-01,-1.359109797330875780e-01
2.776060477406578908e-01,1.309610387235851311e-02,3.454752474838111431e-01,1.688386302523062543e+00,-1.736019871779745719e-02,-1.071249828392713543e-01,-2.610143224248405724e-01,-1.304613731826173573e-01
2.765652199735720851e-01,7.929728318973101875e-03,3.319901203043670312e-01,1.682057749894612098e+00,-2.314393087191829457e-02,-1.034111441686667576e-01,-2.699847399329602382e-01,-1.248716294246360603e-01
2.752472040906139283e-01,2.956834532992498425e-03,3.180631887925324808e-01,1.676018276029074716e+00,-2.891613451869049639e-02,-9.952778902862567667e-02,-2.788313386685927209e-01,-1.191453280127933445e-01
2.736494419622371166e-01,-1.814064342008901883e-03,3.037019798334008036e-01,1.670274639531299954e+00,-3.457399222140965928e-02,-9.547373175997540817e-02,-2.875330562962183922e-01,-1.132859512747799308e-01
2.717556026126335955e-01,-6.374744859999863754e-03,2.889137526208234719e-01,1.664833515519918317e+00,-4.054722926990976528e-02,-9.125496819513079227e-02,-2.960905459808615414e-01,-1.072946558236960862e-01
2.695704688933462378e-01,-1.071642737600718778e-02,2.737085006629978445e-01,1.659701228453437372e+00,-4.587596318900274972e-02,-8.685971612071294312e-02,-3.044379241945822101e-01,-1.011785623562099223e-01
2.671094728873533719e-01,-1.483076911015314414e-02,2.580960711310544831e-01,1.654883926240391157e+00,-5.112767326607853963e-02,-8.229754865358140936e-02,-3.125832573070262410e-01,-9.494115081797734057e-02
2.643822044046908459e-01,-1.870943317594914168e-02,2.420877364192274006e-01,1.650387490963110215e+00,-5.617141904367873445e-02,-7.756828250858831264e-02,-3.204956305962265994e-01,-8.858798192555530915e-02
2.614043688354788508e-01,-2.234413588970405110e-02,2.256963778780131102e-01,1.646217401057997520e+00,-6.094761400009412328e-02,-7.267307605068808185e-02,-3.281458444868698421e-01,-8.212730795958783636e-02
2.581904190940714217e-01,-2.572663420975700166e-02,2.089361907830695197e-01,1.642378540444509927e+00,-6.550322607337974445e-02,-6.761275900793227434e-02,-3.355106987277739483e-01,-7.557108025826388131e-02
2.547546176557112796e-01,-2.884898266760878294e-02,1.918228011799152921e-01,1.638875807773670035e+00,-6.980707537903965698e-02,-6.239352999406262007e-02,-3.425614251003705757e-01,-6.891827332367375658e-02
2.511150559660418335e-01,-3.170367815947339879e-02,1.743735069923423586e-01,1.635714353225719453e+00,-7.376061306326420208e-02,-5.702435346419578582e-02,-3.492641037236727253e-01,-6.216370390400457330e-02
2.472895049778075227e-01,-3.428343613468563117e-02,1.566068707072344190e-01,1.632898704205390850e+00,-7.738157862536523823e-02,-5.150939675192908740e-02,-3.555949933157158682e-01,-5.532063575819956558e-02
2.432943944043301499e-01,-3.658126958894308833e-02,1.385426053868246687e-01,1.630432896603427828e+00,-8.068831509093245258e-02,-4.585472368700653500e-02,-3.615310436489148627e-01,-4.839852131545985953e-02
2.391451440021899189e-01,-3.859055238815058825e-02,1.202015304335498913e-01,1.628320526968452642e+00,-8.369475855912288098e-02,-4.006763077550864333e-02,-3.670500269744022548e-01,-4.140595715134408328e-02
2.348572176313329929e-01,-4.030510812032501305e-02,1.016055894005938598e-01,1.626564870222505732e+00,-8.639382326800618128e-02,-3.415721545406810028e-02,-3.721291888111984969e-01,-3.434914735060667218e-02
2.304452291330291447e-01,-4.171921102054898522e-02,8.277769527636082147e-02,1.625168762374070708e+00,-8.880274430788406836e-02,-2.813251060820401786e-02,-3.767493937833339968e-01,-2.723686076135157369e-02
2.259229580308542706e-01,-4.282762621165722705e-02,6.374164937336926351e-02,1.624134606656030266e+00,-9.093570728863152597e-02,-2.200340004605070079e-02,-3.808928353403358558e-01,-2.007760366857714446e-02
2.213033741871668347e-01,-4.362564560362551525e-02,4.452206026073152190e-02,1.623464373672629524e+00,-9.280722507728242365e-02,-1.578047961353585410e-02,-3.845433835456777416e-01,-1.287989290562803132e-02
2.165980339682250788e-01,-4.410910866204771630e-02,2.514421456790802770e-02,1.623159577725224123e+00,-9.444542755714356586e-02,-9.474746511963564460e-03,-3.876876408246467953e-01,-5.652724729446602543e-03
2.118180571469298334e-01,-4.427444360945775176e-02,5.634062100574960263e-03,1.623221293505475504e+00,-9.585537484249977147e-02,-3.098046469211868277e-03,-3.903121587887611876e-01,1.595244164754720285e-03
2.069741847235854748e-01,-4.411869177755554927e-02,-1.398186616754681227e-02,1.623650141174014738e+00,-9.704344605475503927e-02,3.337307625843692269e-03,-3.924053939617094811e-01,8.855049432780523477e-03
2.020757318778422240e-01,-4.363951776293665402e-02,-3.367660825247661971e-02,1.624446267465995852e+00,-9.803893641757328858e-02,9.818815037656650202e-03,-3.939590209570956736e-01,1.611738247921594425e-02
1.971310686944418300e-01,-4.283523855677112691e-02,-5.342281561221152997e-02,1.625609362970671823e+00,-9.885788744645461479e-02,1.633336990229892691e-02,-3.949652733433104967e-01,2.337327648006428532e-02
1.921497229280880459e-01,-4.170480430237799574e-02,-7.319276835185908880e-02,1.627138497539068807e+00,-9.947078555484330231e-02,2.286828606847821077e-02,-3.954164669325701542e-01,3.061025128490353978e-02
1.871362537523040270e-01,-4.024790171263536304e-02,-9.295862205444055393e-02,1.629032501497883478e+00,-9.998906494587421478e-02,2.940874789332582895e-02,-3.953114451556181685e-01,3.782431639230854348e-02
1.820960471251157342e-01,-3.846486574688318810e-02,-1.126923321105046671e-01,1.631289557987684713e+00,-1.003791353360436456e-01,3.594181836538047625e-02,-3.946451746674511374e-01,4.500200403272913707e-02
1.770340929036852418e-01,-3.635676604831521858e-02,-1.323656862839185377e-01,1.633907419870008315e+00,-1.006502800102224982e-01,4.245271442851647481e-02,-3.934148862113169276e-01,5.213526969168615077e-02
1.719548260865756961e-01,-3.392542133355698486e-02,-1.519503732274649077e-01,1.636883430060570355e+00,-1.008098344115977291e-01,4.892643784870068235e-02,-3.916189092822850437e-01,5.921612756196469735e-02
1.668619141416362583e-01,-3.117335233866045524e-02,-1.714180898440827439e-01,1.640214354890697113e+00,-1.008696801711296692e-01,5.534899229868742859e-02,-3.892579505469577206e-01,6.623316976319217064e-02
1.617587510562746855e-01,-2.810385754704153999e-02,-1.907405238544519488e-01,1.643896569056157553e+00,-1.008297713363401626e-01,6.170476696384295801e-02,-3.863323359129394174e-01,7.317910517289949457e-02
1.566517298624169885e-01,-2.472149042122247231e-02,-2.098889045319613234e-01,1.647927306917789991e+00,-1.006152974621960516e-01,6.796829141338081581e-02,-3.828328211346761489e-01,8.007250396743452459e-02
1.515824215103377948e-01,-2.103450741453196521e-02,-2.288323705471927982e-01,1.652311655657836553e+00,-9.937871787228302889e-02,7.406327793277026061e-02,-3.787103939187815294e-01,8.707456974158597762e-02
1.465436300947801918e-01,-1.704583645469243472e-02,-2.475453544961799812e-01,1.657036942394324752e+00,-9.849299842540717997e-02,8.010536985312553815e-02,-3.741004041390714741e-01,9.381211454731454291e-02
1.415178453534319813e-01,-1.275995502595212577e-02,-2.660016042847648809e-01,1.662092747788075364e+00,-9.803485328058493542e-02,8.605638151361177934e-02,-3.689743825620360740e-01,1.003522583628214393e-01
1.365067743387827492e-01,-8.183404954606298548e-03,-2.841741255509735442e-01,1.667471839093062957e+00,-9.761123617205413883e-02,9.187506454548170776e-02,-3.633162922602748979e-01,1.067573539617888978e-01
1.315208268788558843e-01,-3.323180032286783721e-03,-3.020367737456272628e-01,1.673165813011047165e+00,-9.741324666867316739e-02,9.755420215513317672e-02,-3.571491272435786124e-01,1.130012766458599743e-01
1.265812885965928447e-01,1.813488996297902937e-03,-3.195634930217666203e-01,1.679164083378847261e+00,-9.759702568102253395e-02,1.030883717201209193e-01,-3.504611669778630034e-01,1.190354796795632664e-01
1.217270397652889247e-01,7.219781064287966212e-03,-3.367330876832416720e-01,1.685455847610404456e+00,-9.811956106242167297e-02,1.084838251133877912e-01,-3.433201115913114831e-01,1.248446511989777380e-01
1.169410464966821050e-01,1.288509847571145395e-02,-3.535131057106946639e-01,1.692032284479006554e+00,-9.854224194957195149e-02,1.136603152619170554e-01,-3.354707605529697045e-01,1.304618329405487220e-01
1.122159675011442231e-01,1.879847069199870602e-02,-3.698738890420988357e-01,1.698886257838624347e+00,-9.812148905978997082e-02,1.186151862612693786e-01,-3.270123429024462958e-01,1.359316284842928824e-01
1.075483083456758721e-01,2.494786613721632768e-02,-3.857695120748357853e-01,1.706007520632979890e+00,-9.740124718961344630e-02,1.233275863354905411e-01,-3.176168737892227090e-01,1.411914114144720844e-01
1.029386275118898547e-01,3.133177044354434893e-02,-4.011158804103662767e-01,1.713373505152416820e+00,-9.624818799515237611e-02,1.280177389951103750e-01,-3.065234181974518801e-01,1.459953741991915910e-01
9.835881799115875346e-02,3.791177598367054258e-02,-4.161225342249911252e-01,1.721045224935495277e+00,-9.551322398841281813e-02,1.319104954959976483e-01,-2.998426526873307352e-01,1.521021304225299575e-01
9.380150912867152302e-02,4.467714344824456896e-02,-4.307971036239711116e-01,1.729020352371412050e+00,-9.488059070743730394e-02,1.356143758816646117e-01,-2.931715922582818767e-01,1.580891512069008686e-01
8.929537042104156164e-02,5.164393116592565919e-02,-4.449265649338810524e-01,1.737232477679168330e+00,-9.362935337654619550e-02,1.396591510999713459e-01,-2.820929686234933120e-01,1.627004901433351247e-01
8.484557587443074256e-02,5.879468676906622615e-02,-4.584954561159538255e-01,1.745668735731377152e+00,-9.227264310088872934e-02,1.433260695903871285e-01,-2.708567657851614352e-01,1.671242301978893285e-01
8.045843802600841088e-02,6.611202805293717177e-02,-4.714949312140911397e-01,1.754319844451654786e+00,-9.080678460112938388e-02,1.466464263931362422e-01,-2.594465953791278423e-01,1.713659823459871834e-01
7.614082222112909804e-02,7.358036604809843617e-02,-4.839149627494237493e-01,1.763176431729611693e+00,-8.922270836581451536e-02,1.496562158944307608e-01,-2.478376621274515912e-01,1.754232342678295475e-01
7.189999836179485071e-02,8.118511477263641585e-02,-4.957450903983635637e-01,1.772228913798326033e+00,-8.751155381499979569e-02,1.523748750514381245e-01,-2.360212498146116444e-01,1.792915269609727247e-01
6.774352145530745939e-02,8.891219800365822434e-02,-5.069750048239829443e-01,1.781467480275999771e+00,-8.566580612515570237e-02,1.548122389100571317e-01,-2.240003709117770747e-01,1.829662355615553349e-01
6.367913418415868665e-02,9.674781318300723632e-02,-5.175949453038528603e-01,1.790882122634265938e+00,-8.367968275359662089e-02,1.569736125542431637e-01,-2.117859937929509606e-01,1.864433659470274840e-01
5.971467869725653743e-02,1.046783378404309295e-01,-5.275959703748401841e-01,1.800462678942258199e+00,-8.154928708663222725e-02,1.588625358920367214e-01,-1.993944981877835976e-01,1.897198443065145623e-01
5.585801210481600859e-02,1.126903102490053321e-01,-5.369701408850886537e-01,1.810198881038328489e+00,-7.927264682604341639e-02,1.604822183395949453e-01,-1.868459201643703771e-01,1.927935466885949134e-01
5.211692393406537616e-02,1.207704471334219848e-01,-5.457106404857046122e-01,1.820080397634175284e+00,-7.684969163330374053e-02,1.618362522420292438e-01,-1.741626987609126709e-01,1.956632084133166916e-01
4.849905565471034768e-02,1.289056783730455624e-01,-5.538118500374368258e-01,1.830096870719038593e+00,-7.428219119709626728e-02,1.629289374671485380e-01,-1.613687531516797002e-01,1.983282861744257719e-01
4.501182323480100445e-02,1.370831878685778160e-01,-5.612693871581109217e-01,1.840237944565494388e+00,-7.157366232893160041e-02,1.637653961256448354e-01,-1.484887850885480143e-01,2.007888089748312843e-01
4.166234398498873392e-02,1.452904547175318528e-01,-5.680801188412457625e-01,1.850493287577235302e+00,-6.872924997255383528e-02,1.643515739171999279e-01,-1.355477404768030414e-01,2.030452352945377459e-01
3.845736900219198784e-02,1.535152915607553292e-01,-5.742421529793951818e-01,1.860852607646870549e+00,-6.575558518390318963e-02,1.646941808165251764e-01,-1.225703879911631544e-01,2.050983242926992522e-01
3.540322240759112560e-02,1.617458784633312441e-01,-5.797548132583418834e-01,1.871305661870542592e+00,-6.266062364485200376e-02,1.648006002309479467e-01,-1.095809872633571325e-01,2.069490242205407338e-01
3.250575530069828994e-02,1.699707955232102607e-01,-5.846186040819659757e-01,1.881842261843857944e+00,-5.945332427705186246e-02,1.646788656810969920e-01,-9.660309303613519305e-02,2.085983857351174642e-01
2.977027756612241061e-02,1.781790318363289660e-01,-5.888351515885466014e-01,1.892452273457357670e+00,-5.614410736612637787e-02,1.643371711132642909e-01,-8.365906365874579975e-02,2.100474510874342227e-01
2.720155063351445066e-02,1.863600202141233453e-01,-5.924071601531671893e-01,1.903125616951009347e+00,-5.274354936158127255e-02,1.637844231247305160e-01,-7.077040399466162646e-02,2.112972655102395569e-01
2.480375017529333481e-02,1.945036426898636428e-01,-5.953383459909756814e-01,1.913852262024569040e+00,-4.926305503581502460e-02,1.630296144357979982e-01,-5.795727226573775537e-02,2.123487730991285849e-01
2.258044884359717772e-02,2.026002371173056815e-01,-5.976333715784626355e-01,1.924622222278369321e+00,-4.571440074394655245e-02,1.620818699338955615e-01,-4.523851809307128519e-02,2.132028081175525447e-01
2.053460894701664499e-02,2.106406002281048517e-01,-5.992977784715769474e-01,1.935425549105360465e+00,-4.210953947596444980e-02,1.609503715123445644e-01,-3.263164697234843814e-02,2.138600838810510718e-01
1.866858363440444118e-02,2.186159868036597065e-01,-6.003379194970471788e-01,1.946252325446194087e+00,-3.846042574187400614e-02,1.596442803457344128e-01,-2.015280847748714826e-02,2.143211903749549230e-01
1.698412557770436621e-02,2.265181049754555753e-01,-6.007608911916815231e-01,1.957092659832964765e+00,-3.477886169592604715e-02,1.581726595735625518e-01,-7.816801801790024956e-03,2.145866002991110300e-01
1.548240290273164045e-02,2.343391085043963484e-01,-6.005744677522293351e-01,1.967936681189755843e+00,-3.107634849314205860e-02,1.565444146198832764e-01,4.362893078872748243e-03,2.146566844416432085e-01
1.416402113281164596e-02,2.420715864957283525e-01,-5.997870371580110715e-01,1.978774534730806556e+00,-2.736396386166165678e-02,1.547682423341805724e-01,1.637407148292727155e-02,2.145317336880835368e-01
1.302905034352918982e-02,2.497085510567618183e-01,-5.984075401591244514e-01,1.989596379187410502e+00,-2.365225587620302730e-02,1.528525903311053480e-01,2.820574618167682318e-02,2.142119855248945659e-01
1.207705647177487532e-02,2.572434233234222045e-01,-5.964454125701522669e-01,2.000392385519903726e+00,-1.995115851670504342e-02,1.508056247862154253e-01,3.984808095749805407e-02,2.136976535858289006e-01
1.130713575163918259e-02,2.646700182439495896e-01,-5.939105311748950067e-01,2.011152737194932261e+00,-1.626992809052871247e-02,1.486352059693056560e-01,5.129231814658048033e-02,2.129889587306395826e-01
1.071795132160575925e-02,2.719825284573320068e-01,-5.908131634301607704e-01,2.021867632037189999e+00,-1.261709899001851876e-02,1.463488704878368740e-01,6.253070250972299349e-02,2.120861602549433400e-01
1.030777101988160534e-02,2.791755075930831276e-01,-5.871639210341569326e-01,2.032527285621989144e+00,-9.000459358839470875e-03,1.439538200483573560e-01,7.355640388719705824e-02,2.109895864087531214e-01
1.007450552422999197e-02,2.862438532277530867e-01,-5.829737173355714619e-01,2.043121936114989712e+00,-5.427043707346685883e-03,1.414569148520883057e-01,8.436344040113002984e-02,2.096996630172884013e-01
1.001574619336903851e-02,2.931827897043723929e-01,-5.782537285208857458e-01,2.053641850425420134e+00,-1.903138384901695117e-03,1.388646710883247037e-01,9.494660293642530335e-02,2.082169394298466480e-01
1.012880175461750541e-02,2.999878510331295267e-01,-5.730153583873531797e-01,2.064077331548114458e+00,1.565695556100627547e-03,1.361832627936502005e-01,1.053013835780867158e-01,2.065421120187488357e-01
1.041073346792867511e-02,3.066548639801703335e-01,-5.672702065548592687e-01,2.074418726909390553e+00,4.974592368237151611e-03,1.334185257620628395e-01,1.154239069459993827e-01,2.046760439658930064e-01
1.085838821539577767e-02,3.131799314887693808e-01,-5.610300398809747735e-01,2.084656437562971032e+00,8.319340368320261164e-03,1.305759643614601839e-01,1.253108663173616855e-01,2.026197820411801409e-01
1.146842923811483388e-02,3.195594165178675117e-01,-5.543067668615381249e-01,2.094780928057514036e+00,1.159633527220534088e-02,1.276607600004347198e-01,1.349594640870864504e-01,2.003745698261836239e-01
1.223736429055906350e-02,3.257899263798027523e-01,-5.471124147914290248e-01,2.104782736816289468e+00,1.480252890228778324e-02,1.246777812245514067e-01,1.443673567435981020e-01,1.979418578015348096e-01
1.316157106442736487e-02,3.318682976415176511e-01,-5.394591094552801946e-01,2.114652486877202531e+00,1.793537494175282548e-02,1.216315950804426754e-01,1.535326044546113378e-01,1.953233104343593540e-01
1.423731984222270652e-02,3.377915816442313979e-01,-5.313590571361632708e-01,2.124380896854856537e+00,2.099277392744755208e-02,1.185264795689110612e-01,1.624536248789636150e-01,1.925208105378746204e-01
1.546079338684166679e-02,3.435570306864556556e-01,-5.228245287347909054e-01,2.133958792004191363e+00,2.397301835958047869e-02,1.153664369843217519e-01,1.711291511258369036e-01,1.895364612586393771e-01
1.682810415062724330e-02,3.491620849083783007e-01,-5.138678458097990509e-01,2.143377115279959444e+00,2.687473950107937062e-02,1.121552080064327911e-01,1.795581934894392717e-01,1.863725859786097561e-01
1.833530892861683775e-02,3.546043599102153832e-01,-5.045013683631363044e-01,2.152626938304583071e+00,2.969685666831614959e-02,1.088962864373524686e-01,1.877400046939939893e-01,1.830317264964947122e-01
1.997842111970533213e-02,3.598816351321194040e-01,-4.947374842092578384e-01,2.161699472173152170e+00,3.243852979533574932e-02,1.055929344841465417e-01,1.956740483541988818e-01,1.795166398063463009e-01
2.175342078402364362e-02,3.649918430186456786e-01,-4.845885997789218247e-01,2.170586078039500766e+00,3.509911575528214950e-02,1.022481984959523471e-01,2.033599704110805595e-01,1.758302937725630122e-01
2.365626270633976874e-02,3.699330589861793417e-01,-4.740671322222045347e-01,2.179278277441521361e+00,3.767812886980199255e-02,9.886492506386573842e-02,2.107975732653334378e-01,1.719758619814091838e-01
2.568288268362180909e-02,3.747034922062612572e-01,-4.631855026847098711e-01,2.187767762335377508e+00,4.017520576549347966e-02,9.544577737389042804e-02,2.179867924242631927e-01,1.679567179939239485e-01
2.782920226046567413e-02,3.793014772130445800e-01,-4.519561306412142598e-01,2.196046404819108844e+00,4.259007468914585703e-02,9.199325171954296498e-02,2.249276754560511349e-01,1.637764292142782907e-01
3.009113213788739208e-02,3.837254663375962993e-01,-4.403914291800725689e-01,2.204106266534505920e+00,4.492252931679853456e-02,8.850969406326818223e-02,2.316203630704292138e-01,1.594387505369904423e-01
3.246457446961815291e-02,3.879740229656655770e-01,-4.285038011361091970e-01,2.211939607742773095e+00,4.717240682144181740e-02,8.499731652447001240e-02,2.380650722412258058e-01,1.549476179032386880e-01
3.494542425924173495e-02,3.920458156094761559e-01,-4.163056359789924499e-01,2.219538896074694456e+00,4.933957019329123644e-02,8.145821367296843252e-02,2.442620811812525605e-01,1.503071418680475002e-01
3.752957005818786940e-02,3.959396127778185837e-01,-4.038093073682608725e-01,2.226896814959626880e+00,5.142389453794309756e-02,7.789437850206962222e-02,2.502117160900627635e-01,1.455216012484939758e-01
4.021289415297731040e-02,3.996542786222354038e-01,-3.910271712913999109e-01,2.234006271739937155e+00,5.342525712308170138e-02,7.430771795145633962e-02,2.559143395689020828e-01,1.405954368976282676e-01
4.299127242190557002e-02,4.031887693309596510e-01,-3.779715647080224006e-01,2.240860405478791950e+00,5.534353101331025704e-02,7.070006785747011413e-02,2.613703405685613990e-01,1.355332456290849197e-01
4.586057402222940005e-02,4.065421302355419764e-01,-3.646548046256127829e-01,2.247452594469338649e+00,5.717858190356667897e-02,6.707320719577380963e-02,2.665801258252415984e-01,1.303397742941921345e-01
4.881666105943294892e-02,4.097134935891110219e-01,-3.510891875387136540e-01,2.253776463452823897e+00,5.893026796993101890e-02,6.342887149708234529e-02,2.715441126527551874e-01,1.250199140017071442e-01
5.185538837863178790e-02,4.127020769695148306e-01,-3.372869891690389310e-01,2.259825890552122019e+00,6.059844250659632281e-02,5.976876532215531779e-02,2.762627229796529860e-01,1.195786944588387996e-01
5.497260360416440783e-02,4.155071822550531757e-01,-3.232604644487582779e-01,2.265595013925524093e+00,6.218295906787951050e-02,5.609457368529548182e-02,2.807363785366579489e-01,1.140212784011838121e-01
5.816414753189760173e-02,4.181281951142494790e-01,-3.090218476909125656e-01,2.271078238143541039e+00,6.368367868003889376e-02,5.240797230052422068e-02,2.849654971624197564e-01,1.083529560699965366e-01
6.142585500398496656e-02,4.205645849517423707e-01,-2.945833529120147620e-01,2.276270240290583224e+00,6.510047966284822352e-02,4.871063666809088283e-02,2.889504897907037573e-01,1.025791397208409284e-01
6.475355632462895250e-02,4.228159052401001539e-01,-2.799571742530270191e-01,2.281165975789221978e+00,6.643326856451724216e-02,4.500424974591796939e-02,2.926917585276703759e-01,9.670535807806805717e-02
6.814307928601948117e-02,4.248817941682226929e-01,-2.651554864606773254e-01,2.285760683944348948e+00,6.768199248680399627e-02,4.129050823324617592e-02,2.961896954759003497e-01,9.073725073171652611e-02
7.159025182235038975e-02,4.267619755308605933e-01,-2.501904453813265650e-01,2.290049893203327969e+00,6.884665172676093792e-02,3.757112733810808597e-02,2.994446825210317353e-01,8.468056245196260712e-02
7.509089345834840667e-02,4.284562584636548710e-01,-2.350741837785931543e-01,2.294029426123705750e+00,6.992706694218558949e-02,3.384781664829788345e-02,3.024571884525206200e-01,7.854113730579971586e-02
7.864086777793408145e-02,4.299645440443902178e-01,-2.198188308353855314e-01,2.297695404158912602e+00,7.092415361505834126e-02,3.012242347241356200e-02,3.052272733701105190e-01,7.232491520352184178e-02
8.223601486807946559e-02,4.312868182425555474e-01,-2.044364839853418103e-01,2.301044251857550904e+00,7.183738503778988593e-02,2.639664423613574326e-02,3.077555977378615415e-01,6.603791963820805633e-02
8.587113368382873202e-02,4.324230525573655171e-01,-1.889387987938190294e-01,2.304072660005395790e+00,7.264517903526702958e-02,2.267012110819820181e-02,3.100513149258423695e-01,5.968540030569864652e-02
8.954220356514920598e-02,4.333734374605736073e-01,-1.733378860228307894e-01,2.306777676642641772e+00,7.337281950726273760e-02,1.894741355639965874e-02,3.121046237157419911e-01,5.327454971316045867e-02
9.324609229333978566e-02,4.341383273621910455e-01,-1.576461751765337593e-01,2.309156698691549714e+00,7.403778783319645007e-02,1.523175875541644617e-02,3.139092840623955993e-01,4.681228576940345970e-02
9.697882145652006458e-02,4.347180802643436648e-01,-1.418757170515713428e-01,2.311207401929903149e+00,7.462187515204454780e-02,1.152311834740443915e-02,3.154734014854697621e-01,4.030407765961433603e-02
1.007364040883426820e-01,4.351131445788826158e-01,-1.260385309470594684e-01,2.312927780286023971e+00,7.512557728501985388e-02,7.823375134185595395e-03,3.167973209046524574e-01,3.375629127300044247e-02
1.045149168073591789e-01,4.353240613805469117e-01,-1.101466228086131205e-01,2.314316149542988033e+00,7.555018969225701930e-02,4.134388548988393933e-03,3.178813074640283731e-01,2.717532419991203554e-02
1.083105131590880593e-01,4.353514639296010569e-01,-9.421198609602406127e-02,2.315371149245253335e+00,7.589725528102608809e-02,4.580093534246425235e-04,3.187256111887430965e-01,2.056761256784223751e-02
1.121194325786714491e-01,4.351960767445200440e-01,-7.824660133779837157e-02,2.316091744235575955e+00,7.616849398693285866e-02,-3.203930205374519273e-03,3.193304915790221576e-01,1.393962300192057649e-02
1.159380127221169288e-01,4.348587143426827506e-01,-6.226243680738269282e-02,2.316477225704082432e+00,7.636587530630738196e-02,-6.849622937519736846e-03,3.196961933631119468e-01,7.297842799343459176e-03
1.197627028898566454e-01,4.343402794434083614e-01,-4.627144944332010901e-02,2.316527211782305251e+00,7.649163831262834057e-02,-1.047729765682112700e-02,3.198229423583208164e-01,6.487708681134690333e-04
1.235900715242798514e-01,4.336417605011053111e-01,-3.028558347607007359e-02,2.316241648222346239e+00,7.654816804969437338e-02,-1.408523271849771059e-02,3.197109932532213317e-01,-6.001080124435390593e-03
1.274168450716326173e-01,4.327642290327756158e-01,-1.431678046489638298e-02,2.315620805719162512e+00,7.653865069714764491e-02,-1.767175971074053456e-02,3.193603908195319363e-01,-1.264525390786569621e-02
1.312410762753089821e-01,4.317088803295406341e-01,1.622569680042200424e-03,2.314665314750356195e+00,7.649047713194391529e-02,-2.123436404580173256e-02,3.187618217574322843e-01,-1.927656354578182948e-02
1.350706111638479423e-01,4.304772664859149445e-01,1.751635918592208893e-02,2.313376388137722284e+00,7.660576995261517141e-02,-2.476572924149997301e-02,3.178384362248962147e-01,-2.588321127192644289e-02
1.389320430833409503e-01,4.290712178538519384e-01,3.334137402831617580e-02,2.311756216638445327e+00,7.726589735508954115e-02,-2.826034250177290874e-02,3.164456043220543746e-01,-3.244538602942594746e-02
1.428078156070324289e-01,4.274912277022864804e-01,4.909180899221188971e-02,2.309806094336746440e+00,7.754088630491626222e-02,-3.174610044212224785e-02,3.149503674817031307e-01,-3.898286597982917462e-02
1.466900869233253579e-01,4.257382560298828000e-01,6.475773362786618748e-02,2.307528125948220321e+00,7.766682655640726185e-02,-3.521231776129990498e-02,3.132530173259286954e-01,-4.547766498262889590e-02
1.505734783665948207e-01,4.238132994549285160e-01,8.032835579124492087e-02,2.304925003348874846e+00,7.768602977876079563e-02,-3.865860423820640518e-02,3.113394625216868161e-01,-5.191846074535320238e-02
1.544532402931347859e-01,4.217173331320505092e-01,9.579246438996349977e-02,2.302000104783960222e+00,7.760997839970110168e-02,-4.208540469530585443e-02,3.092015488413231705e-01,-5.829151972616337246e-02
1.583246195478315022e-01,4.194512153689580747e-01,1.111379235786917330e-01,2.298757654916839588e+00,7.743818555682324689e-02,-4.549510666881844551e-02,3.068204051884272365e-01,-6.457989815402377654e-02
1.621819925268668250e-01,4.170153514267743722e-01,1.263494731249416303e-01,2.295202879711085497e+00,7.715264891257923863e-02,-4.889698942798337278e-02,3.041319489419290756e-01,-7.076359196002975083e-02
1.660155662039118629e-01,4.144077381842424246e-01,1.413996640761465140e-01,2.291342222272579665e+00,7.666768383688501998e-02,-5.234060262514228512e-02,3.008858439172986121e-01,-7.681824019030228379e-02
1.697989663130413107e-01,4.116124626680107701e-01,1.562144531923548296e-01,2.287180762522929456e+00,7.564301600414841120e-02,-5.611234376815475017e-02,2.961253251645083462e-01,-8.277341122564428610e-02
1.736478757736620859e-01,4.085476012457763817e-01,1.705539098091327088e-01,2.282689923394687792e+00,7.703902469120776919e-02,-6.156929146316481721e-02,2.864438402740554501e-01,-8.932886763290315280e-02
1.780297933197555194e-01,4.054005361798875273e-01,1.848231463623841442e-01,2.277874839791073303e+00,8.803264163337480575e-02,-6.308182941795649479e-02,2.853384938722745567e-01,-9.575254206434273552e-02
1.826794886340659396e-01,4.021917283429639056e-01,1.990973269629152109e-01,2.272766692346282369e+00,9.317426632242245543e-02,-6.431602238931144466e-02,2.854865215980386117e-01,-1.015237162024944378e-01
1.873008250753228354e-01,3.988160358318676435e-01,2.131344104900981529e-01,2.267360165095520852e+00,9.239398982308963393e-02,-6.773816404963474425e-02,2.805699202141396231e-01,-1.074375309034183157e-01
1.918836338748036718e-01,3.952662092995927745e-01,2.269266438543103004e-01,2.261660571836130451e+00,9.161818105558681979e-02,-7.123038415427443426e-02,2.756750102523340407e-01,-1.132377322997202562e-01
1.964320030834746378e-01,3.915487507606414397e-01,2.404750596824067888e-01,2.255674800460609752e+00,9.092642994685032343e-02,-7.458517018645935415e-02,2.708007828256334126e-01,-1.189003143810091062e-01
2.009491044391537307e-01,3.876694626863481652e-01,2.537771571561642237e-01,2.249409527616223592e+00,9.029686097960376578e-02,-7.782461328597453654e-02,2.658740514188696613e-01,-1.244304395810324204e-01
2.054372185065731771e-01,3.836329195830657790e-01,2.668278442871938050e-01,2.242871282672263877e+00,8.971180341557721816e-02,-8.097336195383715574e-02,2.608437642377390286e-01,-1.298309228577325114e-01
2.098979884175394273e-01,3.794429203925283600e-01,2.796202974661919360e-01,2.236066595917632682e+00,8.915869476938938221e-02,-8.404659078068892064e-02,2.556758806756255775e-01,-1.351016293840404670e-01
2.143346659582547054e-01,3.751027363793175695e-01,2.921458228628502352e-01,2.229002143416743742e+00,8.867138774774933896e-02,-8.705468244248223963e-02,2.503328323193614313e-01,-1.402395455687826253e-01
2.187461732270108428e-01,3.706155744876463154e-01,3.043964758330042208e-01,2.221684650826032392e+00,8.815879477367222217e-02,-8.999857999800790764e-02,2.448316141215898800e-01,-1.452438088843890918e-01
2.231330157341447906e-01,3.659844407482679696e-01,3.163632158890377633e-01,2.214121084144792473e+00,8.765718721670362479e-02,-9.288242016747833008e-02,2.391487812564340176e-01,-1.501094501416524452e-01
2.274955794706851331e-01,3.612123143306968931e-01,3.280367712223110077e-01,2.206318617239840574e+00,8.716274323199972585e-02,-9.570660015133937437e-02,2.332804190086708584e-01,-1.548324024724558601e-01
2.318340772658188664e-01,3.563021920592487346e-01,3.394078006060271546e-01,2.198284634911931157e+00,8.667203037463669379e-02,-9.847073557488227047e-02,2.272252227752482034e-01,-1.594084819210578596e-01
2.361485659258457104e-01,3.512571184832932181e-01,3.504669921615111705e-01,2.190026734818057541e+00,8.618195866951759709e-02,-1.011738473711833036e-01,2.209838397535170140e-01,-1.638334710334808375e-01
2.404389564084492281e-01,3.460802065014136897e-01,3.612051331646906061e-01,2.181552726122117036e+00,8.568963783179178728e-02,-1.038145507809771356e-01,2.145582927205189061e-01,-1.681031829378370757e-01
2.447050197170791141e-01,3.407746516062036268e-01,3.716131593005636558e-01,2.172870625994087757e+00,8.519229365509309315e-02,-1.063911806799515691e-01,2.079515750534980389e-01,-1.722135031704380426e-01
2.489463907162464407e-01,3.353437420482920372e-01,3.816821894596241771e-01,2.163988654728533856e+00,8.468722789615031055e-02,-1.089018715690213968e-01,2.011673658285984267e-01,-1.761604164970096975e-01
2.531625713046393722e-01,3.297908663084794800e-01,3.914035502918944975e-01,2.154915229952131472e+00,8.417180638782409408e-02,-1.113446104193954039e-01,1.942098279275016603e-01,-1.799400246495208300e-01
2.573529337961656394e-01,3.241195186989668242e-01,4.007687934549812869e-01,2.145658960202409649e+00,8.364346376763341639e-02,-1.137172734837902516e-01,1.870834639873583116e-01,-1.835485586064164454e-01
2.615167250265307275e-01,3.183333035865563709e-01,4.097697076047238096e-01,2.136228638050574613e+00,8.309971835120241734e-02,-1.160176534719876557e-01,1.797930127062050132e-01,-1.869823875235199495e-01
2.656530713810803523e-01,3.124359385424801960e-01,4.183983265892103898e-01,2.126633232878615942e+00,8.253819070944391767e-02,-1.182434807605976801e-01,1.723433739594304459e-01,-1.902380255219306149e-01
2.697609847515244907e-01,3.064312566092350920e-01,4.266469348966758779e-01,2.116881883370361539e+00,8.195662228484626444e-02,-1.203924408728315743e-01,1.647395546430850677e-01,-1.933121373290395129e-01
2.738393693221695124e-01,3.003232078220310353e-01,4.345080711242175209e-01,2.106983889761349094e+00,8.135289196177629412e-02,-1.224621892424342939e-01,1.569866296604057743e-01,-1.962015430325215193e-01
2.778870289922172332e-01,2.941158600872643691e-01,4.419745300413159272e-01,2.096948705874025265e+00,8.072502871605782837e-02,-1.244503639546908486e-01,1.490897142560259070e-01,-1.989032223178688330e-01
2.819026751891219873e-01,2.878133995045947247e-01,4.490393636865975258e-01,2.086785930960487256e+00,8.007121934314781475e-02,-1.263545967684726601e-01,1.410539450262398853e-01,-2.014143182603550519e-01
2.858849347940509711e-01,2.814201302081700828e-01,4.556958818397841560e-01,2.076505301368688716e+00,7.938981059776652194e-02,-1.281725226374183235e-01,1.328844677027185839e-01,-2.037321407994099609e-01
2.898323578817319501e-01,2.749404737959851297e-01,4.619376521401458158e-01,2.066116682043189545e+00,7.867930538046065403e-02,-1.299017878588351327e-01,1.245864303150539532e-01,-2.058541699896601906e-01
2.937434249679383158e-01,2.683789684128458641e-01,4.677585000704420071e-01,2.055630057872827710e+00,7.793835279711285036e-02,-1.315400569191421676e-01,1.161649806984215716e-01,-2.077780589965049496e-01
2.976165534524682355e-01,2.617402675475059559e-01,4.731525089840283305e-01,2.045055524895654564e+00,7.716573198606883899e-02,-1.330850181353005479e-01,1.076252675280584548e-01,-2.095016368803265527e-01
3.014501029399226928e-01,2.550291385994546967e-01,4.781140203192956184e-01,2.034403281369955518e+00,7.636032960148875226e-02,-1.345343881944851550e-01,9.897244421624733224e-02,-2.110229111985328088e-01
3.052423791152590327e-01,2.482504612653726739e-01,4.826376341168401862e-01,2.023683618719815058e+00,7.552111084628829185e-02,-1.358859157019091379e-01,9.021167510021541047e-02,-2.123400704313719300e-01
3.089916358406447627e-01,2.414092257891113924e-01,4.867182099287943320e-01,2.012906912360816314e+00,7.464708384132490160e-02,-1.371373838607350404e-01,8.134814340425661205e-02,-2.134514862910589506e-01
3.126960751280420947e-01,2.345105311126519376e-01,4.903508681849326201e-01,2.002083612410662017e+00,7.373725708698522507e-02,-1.382866124126787000e-01,7.238706048142930227e-02,-2.143557159274967205e-01
3.163538446186984765e-01,2.275595829584928509e-01,4.935309920574786902e-01,1.991224234290047690e+00,7.279058954212822008e-02,-1.393314589801183667e-01,6.333367588381240421e-02,-2.150515040187841453e-01
3.199630321785045250e-01,2.205616918670929016e-01,4.962542298400098861e-01,1.980339349212568045e+00,7.180593287535681768e-02,-1.402698199461323292e-01,5.419328772911422010e-02,-2.155377848836972365e-01
3.235216571844153344e-01,2.135222712066931483e-01,4.985164978312131012e-01,1.969439574562760642e+00,7.078196520065539732e-02,-1.410996309987430086e-01,4.497125287412187533e-02,-2.158136846021087296e-01
3.270276580387855847e-01,2.064468351668518331e-01,5.003139836865846402e-01,1.958535564158365938e+00,6.971711552239298615e-02,-1.418188674591210618e-01,3.567299634157908989e-02,-2.158785232073323068e-01
3.304788754039781895e-01,1.993409967419367823e-01,5.016431501714401220e-01,1.947637998390163938e+00,6.860947798760180794e-02,-1.424255444952595984e-01,2.630401940713681525e-02,-2.157318170038371730e-01
3.338730305998305337e-01,1.922104657068165190e-01,5.025007392162097464e-01,1.936757574230233425e+00,6.745671493493647641e-02,-1.429177173008138180e-01,1.686990569992994141e-02,-2.153732810601000913e-01
3.372076985533066229e-01,1.850610465844398922e-01,5.028837761394615580e-01,1.925904995096989758e+00,6.625594765635239858e-02,-1.432934812895079735e-01,7.376324607876211248e-03,-2.148028319262186014e-01
3.404802746354304577e-01,1.778986366040731237e-01,5.027895738650355328e-01,1.915090960563345268e+00,6.500363376252916991e-02,-1.435509723228363399e-01,-2.170968790964861866e-03,-2.140205906158468563e-01
3.436879346701931515e-01,1.707292236501141147e-01,5.022157369166000418e-01,1.904326155892412720e+00,6.369543011281390832e-02,-1.436883669470381542e-01,-1.176613812904931007e-02,-2.130268858911456564e-01
3.468257146300987026e-01,1.635592282123660146e-01,5.011605613365103240e-01,1.893620591529979968e+00,6.228703821936251023e-02,-1.436967337408509571e-01,-2.139498096347401679e-02,-2.118358235111919008e-01
3.498938744236662624e-01,1.563940843493371868e-01,4.996214688308745488e-01,1.882986231703513313e+00,6.088916486430587943e-02,-1.435969358077459346e-01,-3.107644830344016146e-02,-2.104058515214937697e-01
3.528868863479506235e-01,1.492404101479067324e-01,4.975973120380436931e-01,1.872432997261872512e+00,5.937682633535755483e-02,-1.433634518044787920e-01,-4.077969744201061231e-02,-2.087820368552180672e-01
3.558004072549099672e-01,1.421045634348831466e-01,4.950869057083033820e-01,1.861971367466939586e+00,5.777992750488430973e-02,-1.430027667764249555e-01,-5.050695550745475798e-02,-2.069501890744214201e-01
3.586296239758047233e-01,1.349929515252882295e-01,4.920893448714212526e-01,1.851611792054829175e+00,5.608755160287540870e-02,-1.425135523755205746e-01,-6.025223278913601627e-02,-2.049117730971708462e-01
3.613690793507083332e-01,1.279120607008877031e-01,4.886040161876963883e-01,1.841364639499199596e+00,5.428683437634648778e-02,-1.418942073333293863e-01,-7.000968342853244875e-02,-2.026684421017363458e-01
3.640125663561615266e-01,1.208684559080702159e-01,4.846305901509677660e-01,1.831240185139391574e+00,5.236278107029616186e-02,-1.411431469106475822e-01,-7.977361314637811118e-02,-2.002220852667791207e-01
3.665530130601958869e-01,1.138687792387352016e-01,4.801690093233954570e-01,1.821248598974078536e+00,5.029807627657378183e-02,-1.402588176921669150e-01,-8.953856005943151841e-02,-1.975748327885345768e-01
3.689823606791060584e-01,1.069197489796807621e-01,4.752194719597395145e-01,1.811399933447819022e+00,4.807293852367920672e-02,-1.392396854192938793e-01,-9.929938610741870231e-02,-1.947290556968913067e-01
3.712914387184357290e-01,1.000281594761825155e-01,4.697824104534832901e-01,1.801704111347185222e+00,4.566505144237711922e-02,-1.380842187303163715e-01,-1.090513796324949908e-01,-1.916873634894327716e-01
3.734698434908775289e-01,9.320088196243814238e-02,4.638584641460705149e-01,1.792170913969643786e+00,4.304961617843558463e-02,-1.367908699021248287e-01,-1.187903667923193018e-01,-1.884525985267532511e-01
3.755036767909903928e-01,8.644486644687698895e-02,4.574486269460636967e-01,1.782809994049376234e+00,4.015422044867477530e-02,-1.353580517695677776e-01,-1.285089197780559245e-01,-1.850273066000024669e-01
3.773813010802897772e-01,7.976713709325446156e-02,4.505537037251981514e-01,1.773630802512910387e+00,3.703011641713509911e-02,-1.337842826881932845e-01,-1.382115901618899967e-01,-1.814156273783520956e-01
3.790878281939476513e-01,7.317480271153295468e-02,4.431747328943644870e-01,1.764642659905905742e+00,3.360557750224329315e-02,-1.320678530817644136e-01,-1.478928337170468399e-01,-1.776200488965901381e-01
3.806072890963185240e-01,6.667508922795009618e-02,4.353127753615452233e-01,1.755854650213684476e+00,2.986098663996604105e-02,-1.302063922596192469e-01,-1.575524600971504319e-01,-1.736454202313397754e-01
3.819222294245362415e-01,6.027531476103696606e-02,4.269689004708112634e-01,1.747275694623713349e+00,2.576475555505952988e-02,-1.281980783729874951e-01,-1.671901012689632204e-01,-1.694948943539511532e-01
3.830141296215580082e-01,5.398291033577832382e-02,4.181441345077699934e-01,1.738914524890705415e+00,2.129417611066133920e-02,-1.260406365121761463e-01,-1.768065148939747533e-01,-1.651722868134461730e-01
3.838638219758130909e-01,4.780543404953465497e-02,4.088394301856246305e-01,1.730779680786050712e+00,1.643371003514519299e-02,-1.237315191391054753e-01,-1.864030052528298509e-01,-1.606814287773133398e-01
3.844520680735968865e-01,4.175058484210467102e-02,3.990556571741575853e-01,1.722879511877890346e+00,1.117785823983987945e-02,-1.212679061231932975e-01,-1.959810269920560233e-01,-1.560261165720525922e-01
3.847603213302022707e-01,3.582621630100936427e-02,3.887936213902830063e-01,1.715222181833968573e+00,5.533865694197679166e-03,-1.186467042110435910e-01,-2.055416114156086993e-01,-1.512100631417878371e-01
3.847716757682332345e-01,3.004034930036848447e-02,3.780541220500056587e-01,1.707815674648197612e+00,-4.762133649632597707e-04,-1.158645713116543824e-01,-2.150846342813410861e-01,-1.462368615453961407e-01
3.844719905243454416e-01,2.440118179193211112e-02,3.668380551945999435e-01,1.700667801859907291e+00,-6.814584611521688588e-03,-1.129179743214283327e-01,-2.246079691114825638e-01,-1.411099652674939198e-01
3.838511452797390699e-01,1.891709374335813140e-02,3.551465731574056650e-01,1.693786209682349719e+00,-1.342828474833210328e-02,-1.098032858700491027e-01,-2.341066064624078846e-01,-1.358326827387594804e-01
3.829042075756710073e-01,1.359664440139045014e-02,3.429813122134625636e-01,1.687178385495712751e+00,-2.025129263797783088e-02,-1.065169338733804039e-01,-2.435718833478474343e-01,-1.304081591519038463e-01
3.816316349403657271e-01,8.448559018125658543e-03,3.303446937076484069e-01,1.680851661912605710e+00,-2.720728574737259903e-02,-1.030555984031168437e-01,-2.529911570665813181e-01,-1.248393416253384680e-01
3.800358621640401169e-01,3.481717111055319079e-03,3.172401889382484019e-01,1.674813199008729603e+00,-3.423237677232277010e-02,-9.941614882285668142e-02,-2.623491002625117363e-01,-1.191293108187393701e-01
3.781190467908344677e-01,-1.294901031366223199e-03,3.036725312679408040e-01,1.669070007976512615e+00,-4.117156305668641381e-02,-9.559652060855343414e-02,-2.716256706780671437e-01,-1.132804305728604688e-01
3.758689417825508694e-01,-5.872532046266674272e-03,2.896463145620867263e-01,1.663629048161892721e+00,-4.838812277885409796e-02,-9.160124372053746189e-02,-2.808226428146627374e-01,-1.072933177963913548e-01
3.732828482748652421e-01,-1.024163186297136208e-02,2.751686926329869332e-01,1.658496798083771262e+00,-5.487896169058319173e-02,-8.741405502480054102e-02,-2.898752151752906903e-01,-1.011784804629207862e-01
3.703673051601804600e-01,-1.439315961341311109e-02,2.602461806178069659e-01,1.653679662007085716e+00,-6.128417625885702880e-02,-8.304611586054377881e-02,-2.987930781324211194e-01,-9.493722580965205382e-02
3.671294472775092910e-01,-1.831797094298853387e-02,2.448871192552140308e-01,1.649183799745625567e+00,-6.738261373388225450e-02,-7.849499934976017501e-02,-3.075322456605041332e-01,-8.857529522981251457e-02
3.635833437251262956e-01,-2.200674470818967873e-02,2.291014552839772678e-01,1.645014587203496248e+00,-7.322849101819563222e-02,-7.375711773078917621e-02,-3.160651902918538148e-01,-8.210860137035602691e-02
3.597450043560238564e-01,-2.545031827990283310e-02,2.129009173263682331e-01,1.641177329586542610e+00,-7.878811763114501598e-02,-6.883595603905166838e-02,-3.243577460526488321e-01,-7.553763929404226640e-02
3.556371318547691396e-01,-2.864001367730253239e-02,1.962994669058671648e-01,1.637677965560059068e+00,-8.391230256333105653e-02,-6.374147392230496145e-02,-3.323655893644347215e-01,-6.884916456699900766e-02
3.512824608890508515e-01,-3.156723295793942285e-02,1.793126356403690613e-01,1.634521661633575151e+00,-8.863074343584730064e-02,-5.847485467099566153e-02,-3.400607570544007530e-01,-6.205982003353113091e-02
3.467034581236790869e-01,-3.422362521805747543e-02,1.619575489677362867e-01,1.631713190395842616e+00,-9.292975122662126830e-02,-5.304124291373549932e-02,-3.474113614666568539e-01,-5.517683352256956553e-02
3.419214345753762152e-01,-3.660111264668911013e-02,1.442527813278665361e-01,1.629256849953207187e+00,-9.682822552037784192e-02,-4.744612765640952162e-02,-3.543891067732384270e-01,-4.820960559558976760e-02
3.369568214463585787e-01,-3.869196690052240789e-02,1.262183169965810647e-01,1.627156534194868831e+00,-1.003349965849918562e-01,-4.169659176213544316e-02,-3.609658241957888203e-01,-4.116600390577612040e-02
3.318292029442000968e-01,-4.048886013291620040e-02,1.078754738393823687e-01,1.625415730675038306e+00,-1.034619285417714557e-01,-3.580071055515909872e-02,-3.671149687558738495e-01,-3.405402245087927465e-02
3.265571811767423172e-01,-4.198490765402346919e-02,8.924680571145984787e-02,1.624037508167682553e+00,-1.062248849764406977e-01,-2.976740846445576766e-02,-3.728119293313709171e-01,-2.688191012312034223e-02
3.211582278817606828e-01,-4.317370765393395426e-02,7.035599816449281119e-02,1.623024504985262295e+00,-1.086434970659578142e-01,-2.360640369376488731e-02,-3.780341672731248326e-01,-1.965814640705543584e-02
3.156485355014899685e-01,-4.404937519188246997e-02,5.122775795511963493e-02,1.622378907211859289e+00,-1.107409222956932671e-01,-1.732809057394579452e-02,-3.827613524784236332e-01,-1.239165231232616793e-02
3.100429890299559732e-01,-4.460657791059038924e-02,3.188771332653332624e-02,1.622102441792939276e+00,-1.125409914067398848e-01,-1.094358120607091464e-02,-3.869751234878734403e-01,-5.091470240162329110e-03
3.043550540939246596e-01,-4.484056778729840487e-02,1.236230719192116245e-02,1.622196362039383777e+00,-1.140702176023490472e-01,-4.464618607961603862e-03,-3.906592852863415843e-01,2.233066758888664280e-03
2.985965189828307942e-01,-4.474720804230253313e-02,-7.321310429963364536e-03,1.622661446110951866e+00,-1.153606611941114385e-01,2.096520296824294464e-03,-3.937998264014574423e-01,9.572619759252724153e-03
